School,Short,Nickname,Current Division,Current Conference,Color 1,Color 2,Color Default,Latitude,Longitude,1936,X 1936,Conference 1936,W 1936,L 1936,T 1936,1937,X 1937,Conference 1937,W 1937,L 1937,T 1937,1938,X 1938,Conference 1938,W 1938,L 1938,T 1938,1939,X 1939,Conference 1939,W 1939,L 1939,T 1939,1940,X 1940,Conference 1940,W 1940,L 1940,T 1940,1941,X 1941,Conference 1941,W 1941,L 1941,T 1941,1942,X 1942,Conference 1942,W 1942,L 1942,T 1942,1943,X 1943,Conference 1943,W 1943,L 1943,T 1943,1944,X 1944,Conference 1944,W 1944,L 1944,T 1944,1945,X 1945,Conference 1945,W 1945,L 1945,T 1945,1946,X 1946,Conference 1946,W 1946,L 1946,T 1946,1947,X 1947,Conference 1947,W 1947,L 1947,T 1947,1948,X 1948,Conference 1948,W 1948,L 1948,T 1948,1949,X 1949,Conference 1949,W 1949,L 1949,T 1949,1950,X 1950,Conference 1950,W 1950,L 1950,T 1950,1951,X 1951,Conference 1951,W 1951,L 1951,T 1951,1952,X 1952,Conference 1952,W 1952,L 1952,T 1952,1953,X 1953,Conference 1953,W 1953,L 1953,T 1953,1954,X 1954,Conference 1954,W 1954,L 1954,T 1954,1955,X 1955,Conference 1955,W 1955,L 1955,T 1955,1956,X 1956,Conference 1956,W 1956,L 1956,T 1956,1957,X 1957,Conference 1957,W 1957,L 1957,T 1957,1958,X 1958,Conference 1958,W 1958,L 1958,T 1958,1959,X 1959,Conference 1959,W 1959,L 1959,T 1959,1960,X 1960,Conference 1960,W 1960,L 1960,T 1960,1961,X 1961,Conference 1961,W 1961,L 1961,T 1961,1962,X 1962,Conference 1962,W 1962,L 1962,T 1962,1963,X 1963,Conference 1963,W 1963,L 1963,T 1963,1964,X 1964,Conference 1964,W 1964,L 1964,T 1964,1965,X 1965,Conference 1965,W 1965,L 1965,T 1965,1966,X 1966,Conference 1966,W 1966,L 1966,T 1966,1967,X 1967,Conference 1967,W 1967,L 1967,T 1967,1968,X 1968,Conference 1968,W 1968,L 1968,T 1968,1969,X 1969,Conference 1969,W 1969,L 1969,T 1969,1970,X 1970,Conference 1970,W 1970,L 1970,T 1970,1971,X 1971,Conference 1971,W 1971,L 1971,T 1971,1972,X 1972,Conference 1972,W 1972,L 1972,T 1972,1973,X 1973,Conference 1973,W 1973,L 1973,T 1973,1974,X 1974,Conference 1974,W 1974,L 1974,T 1974,1975,X 1975,Conference 1975,W 1975,L 1975,T 1975,1976,X 1976,Conference 1976,W 1976,L 1976,T 1976,1977,X 1977,Conference 1977,W 1977,L 1977,T 1977,1978,X 1978,Conference 1978,W 1978,L 1978,T 1978,1979,X 1979,Conference 1979,W 1979,L 1979,T 1979,1980,X 1980,Conference 1980,W 1980,L 1980,T 1980,1981,X 1981,Conference 1981,W 1981,L 1981,T 1981,1982,X 1982,Conference 1982,W 1982,L 1982,T 1982,1983,X 1983,Conference 1983,W 1983,L 1983,T 1983,1984,X 1984,Conference 1984,W 1984,L 1984,T 1984,1985,X 1985,Conference 1985,W 1985,L 1985,T 1985,1986,X 1986,Conference 1986,W 1986,L 1986,T 1986,1987,X 1987,Conference 1987,W 1987,L 1987,T 1987,1988,X 1988,Conference 1988,W 1988,L 1988,T 1988,1989,X 1989,Conference 1989,W 1989,L 1989,T 1989,1990,X 1990,Conference 1990,W 1990,L 1990,T 1990,1991,X 1991,Conference 1991,W 1991,L 1991,T 1991,1992,X 1992,Conference 1992,W 1992,L 1992,T 1992,1993,X 1993,Conference 1993,W 1993,L 1993,T 1993,1994,X 1994,Conference 1994,W 1994,L 1994,T 1994,1995,X 1995,Conference 1995,W 1995,L 1995,T 1995,1996,X 1996,Conference 1996,W 1996,L 1996,T 1996,1997,X 1997,Conference 1997,W 1997,L 1997,T 1997,1998,X 1998,Conference 1998,W 1998,L 1998,T 1998,1999,X 1999,Conference 1999,W 1999,L 1999,T 1999,2000,X 2000,Conference 2000,W 2000,L 2000,T 2000,2001,X 2001,Conference 2001,W 2001,L 2001,T 2001,2002,X 2002,Conference 2002,W 2002,L 2002,T 2002,2003,X 2003,Conference 2003,W 2003,L 2003,T 2003,2004,X 2004,Conference 2004,W 2004,L 2004,T 2004,2005,X 2005,Conference 2005,W 2005,L 2005,T 2005,2006,X 2006,Conference 2006,W 2006,L 2006,T 2006,2007,X 2007,Conference 2007,W 2007,L 2007,T 2007,2008,X 2008,Conference 2008,W 2008,L 2008,T 2008,2009,X 2009,Conference 2009,W 2009,L 2009,T 2009,2010,X 2010,Conference 2010,W 2010,L 2010,T 2010,2011,X 2011,Conference 2011,W 2011,L 2011,T 2011,2012,X 2012,Conference 2012,W 2012,L 2012,T 2012
Alabama,BAMA,Crimson Tide,I-FBS,SEC,#A32638,#FFFFFF,FALSE,33.208,-87.55,4,4,SEC,8,0,1,4,4,,,,,13,13,,,,,,,,,,,,,,,,,20,20,,,,,10,10,,,,,,,,,,,,,,,,,2,2,,,,,,,,,,,6,6,,,,,,,,,,,,,,,,,16,16,,,,,,,,,,,9,9,,,,,13,13,,,,,,,,,,,,,,,,,,,,,,,,,,,,,,,,,,,10,10,,,,,9,9,,,,,1,1,,,,,5,5,,,,,8,8,,,,,1,1,,,,,1,1,,,,,3,3,,,,,8,8,,,,,17,17,,,,,,,,,,,,,,,,,4,4,,,,,7,7,,,,,4,4,,,,,5,5,,,,,3,3,,,,,11,11,,,,,2,2,,,,,1,1,,,,,1,1,,,,,6,6,,,,,7,7,,,,,,,,,,,15,15,,,,,,,,,,,13,13,,,,,9,9,,,,,,,,,,,17,17,,,,,9,9,,,,,,,,,,,5,5,,,,,1,1,,,,,14,14,,,,,5,5,,,,,21,21,,,,,11,11,,,,,,,,,,,,,,,,,8,8,,,,,,,,,,,,,,,,,11,11,,,,,,,,,,,,,,,,,8,8,,,,,,,,,,,,,,,,,6,6,,,,,1,1,,,,,10,10,SEC,10,3,,1,1,SEC,12,1,,1,1,SEC,13,1,
Oregon,UO,Ducks,I-FBS,Pac-12,#004F27,#FFCC00,FALSE,,,,,,,,,,,,,,,,,,,,,,,,,,,,,,,,,,,,,,,,,,,,,,,,,,,,,,,,,,,,,,,,,,,,,,,,,,,9,9,,,,,,,,,,,,,,,,,,,,,,,,,,,,,,,,,,,,,,,,,,,,,,,,,,,,,,,,,,,,,,,,,,,,,,,,,,,,,,,,,,,,,,,,,,,,,,,,,,,,,,,,,,,,,,,,,,,,,,,,,,,,,,,,,,,,,,,,,,,,,,,,,,,,,,,,,,,,,,,,,,,,,,,,,,,,,,,,,,,,,,,,,,,,,,,,,,,,,,,,,,,,,,,,,,,,,,,,,,,,,,,,,,,,,,,,,,,,,,,,,,,,,,,,,,,,,,,,,,,,,,,,,,,,,,,,,,,11,11,,,,,18,18,,,,,,,,,,,,,,,,,,,,,,,19,19,,,,,7,7,,,,,2,2,,,,,,,,,,,,,,,,,,,,,,,12,13,,,,,,,,,,,23,23,,,,,10,10,,,,,11,11,,,,,3,3,Pac-10,12,1,,4,4,Pac-12,12,2,,2,2,Pac-12,12,1,
Ohio State,OSU,Buckeyes,I-FBS,Big Ten,#C80E11,#B1B9BB,FALSE,,,,,,,,,13,13,,,,,,,,,,,15,15,,,,,,,,,,,13,13,,,,,1,1,,,,,,,,,,,2,2,,,,,12,12,,,,,,,,,,,,,,,,,,,,,,,6,6,,,,,14,14,,,,,,,,,,,17,17,,,,,,,,,,,1,1,,,,,5,5,,,,,15,15,,,,,2,2,,,,,8,8,,,,,,,,,,,8,8,,,,,2,2,,,,,,,,,,,,,,,,,9,9,,,,,,,,,,,,,,,,,,,,,,,1,1,,,,,4,4,,,,,5,5,,,,,,,,,,,9,9,,,,,2,2,,,,,4,4,,,,,4,4,,,,,6,6,,,,,11,11,,,,,,,,,,,4,4,,,,,15,15,,,,,15,15,,,,,12,12,,,,,9,9,,,,,13,13,,,,,14,14,,,,,7,7,,,,,,,,,,,,,,,,,24,24,,,,,,,,,,,,,,,,,18,18,,,,,11,11,,,,,14,14,,,,,6,6,,,,,2,2,,,,,12,12,,,,,2,2,,,,,,,,,,,,,,,,,,,,,,,1,1,,,,,4,4,,,,,20,20,,,,,4,4,,,,,2,2,,,,,5,5,,,,,9,9,,,,,5,5,,,,,5,5,Big Ten,12,1,,,,,,,,3,3,Big Ten,12,0,
Notre Dame,ND,Fighting Irish,I-FBS,Independent,#002B5B,#DCB439,FALSE,,,8,8,Independent,6,2,0,9,9,,,,,5,5,,,,,13,13,,,,,,,,,,,3,3,,,,,6,6,,,,,1,1,,,,,9,9,,,,,9,9,,,,,1,1,,,,,1,1,,,,,2,2,,,,,1,1,,,,,,,,,,,,,,,,,3,3,,,,,2,2,,,,,4,4,,,,,9,9,,,,,,,,,,,10,10,,,,,17,17,,,,,17,17,,,,,,,,,,,,,,,,,,,,,,,,,,,,,3,3,,,,,9,9,,,,,1,1,,,,,5,5,,,,,5,5,,,,,5,5,,,,,2,2,,,,,13,13,,,,,14,14,,,,,1,1,,,,,5,6,,,,,,,,,,,12,12,,,,,1,1,,,,,7,7,,,,,,,,,,,9,9,,,,,,,,,,,,,,,,,,,,,,,,,,,,,,,,,,,,,,,,,17,17,,,,,1,1,,,,,2,2,,,,,6,6,,,,,13,13,,,,,4,4,,,,,2,2,,,,,,,,,,,11,11,,,,,19,19,,,,,,,,,,,22,22,,,,,,,,,,,15,15,,,,,,,,,,,17,17,,,,,,,,,,,,,,,,,9,9,,,,,17,17,,,,,,,,,,,,,,,,,,,,,,,,,,,,,,,,,,,4,4,Independent,12,1,
Georgia,uga,Bulldogs,I-FBS,SEC,#FF0000,#000000,FALSE,,,,,,,,,,,,,,,,,,,,,,,,,,,,,,,,,14,14,,,,,2,2,,,,,,,,,,,,,,,,,18,18,,,,,3,3,,,,,,,,,,,8,8,,,,,,,,,,,,,,,,,,,,,,,,,,,,,,,,,,,,,,,,,,,,,,,,,,,,,,,,,,,,,,,,,5,5,,,,,,,,,,,,,,,,,,,,,,,,,,,,,,,,,,,,,,,,,4,4,,,,,,,,,,,8,8,,,,,,,,,,,,,,,,,7,7,,,,,,,,,,,,,,,,,,,,,,,19,19,,,,,10,10,,,,,,,,,,,16,16,,,,,,,,,,,1,1,,,,,6,6,,,,,4,4,,,,,4,4,,,,,,,,,,,,,,,,,,,,,,,13,13,,,,,15,15,,,,,,,,,,,,,,,,,17,17,,,,,8,8,,,,,,,,,,,,,,,,,,,,,,,,,,,,,10,10,,,,,14,14,,,,,16,16,,,,,20,20,,,,,22,22,,,,,3,3,,,,,7,7,,,,,7,7,,,,,10,10,,,,,23,23,,,,,2,2,,,,,13,13,,,,,,,,,,,,,,,,,19,19,SEC,10,4,,5,5,SEC,12,2,
Texas A&M,TAMU,Aggies,I-FBS,SEC,#660000,#FFFFFF,FALSE,,,,,,,,,,,,,,,,,,,,,1,1,,,,,6,6,,,,,9,9,,,,,,,,,,,,,,,,,,,,,,,,,,,,,,,,,,,,,,,,,,,,,,,,,,,,,,,,,,,,,,,,,,,,,,,,,,,,,,,,,,,17,17,,,,,5,5,,,,,9,9,,,,,,,,,,,,,,,,,,,,,,,,,,,,,,,,,,,,,,,,,,,,,,,,,,,,,,,,,,,,,,,,,,,,,,,,,,,,,,,,,,,,,,,,,,,,,,,,,,,,,16,16,,,,,11,11,,,,,7,7,,,,,,,,,,,19,19,,,,,,,,,,,,,,,,,,,,,,,,,,,,,,,,,,,,,,,,,6,6,,,,,13,13,,,,,10,10,,,,,,,,,,,20,20,,,,,15,15,,,,,12,12,,,,,7,7,,,,,9,9,,,,,8,8,,,,,15,15,,,,,,,,,,,20,20,,,,,11,11,,,,,23,23,,,,,,,,,,,,,,,,,,,,,,,,,,,,,,,,,,,,,,,,,,,,,,,,,,,,,,,,,,,,,,,,,19,19,Big 12,9,4,,,,,,,,5,6,SEC,11,2,
Stanford,STAN,Cardinal,I-FBS,Pac-12,#990000,#FFFFFF,FALSE,,,,,,,,,,,,,,,,,,,,,,,,,,,2,2,,,,,,,,,,,12,12,,,,,,,,,,,,,,,,,,,,,,,,,,,,,,,,,,,,,,,,,,,,,,,,,,,,,7,7,,,,,,,,,,,19,19,,,,,,,,,,,16,16,,,,,,,,,,,,,,,,,,,,,,,,,,,,,,,,,,,,,,,,,,,,,,,,,,,,,,,,,,,,,,,,,,,,,,,,,,,,,,,,,,,19,19,,,,,8,8,,,,,10,10,,,,,,,,,,,,,,,,,,,,,,,,,,,,,,,,,,,15,15,,,,,17,17,,,,,,,,,,,,,,,,,,,,,,,,,,,,,,,,,,,,,,,,,,,,,,,,,,,,,,,,,,,,,,,,,,,,,,,,,,,,,22,22,,,,,9,9,,,,,,,,,,,,,,,,,,,,,,,,,,,,,,,,,,,,,,,,,,,,,,,,,,,,,16,16,,,,,,,,,,,,,,,,,,,,,,,,,,,,,,,,,,,,,,,,,,,,,,,,,,,,,4,4,Pac-10,12,1,,7,7,Pac-12,11,2,,7,7,Pac-12,12,2,
South Carolina,SC,Gamecocks,I-FBS,SEC,#73000A,#FFFFFF,FALSE,,,,,,,,,,,,,,,,,,,,,,,,,,,,,,,,,,,,,,,,,,,,,,,,,,,,,,,,,,,,,,,,,,,,,,,,,,,,,,,,,,,,,,,,,,,,,,,,,,,,,,,,,,,,,,,,,,,,,,,,,,,,,,,,,,,,,,,15,15,,,,,,,,,,,,,,,,,,,,,,,,,,,,,,,,,,,,,,,,,,,,,,,,,,,,,,,,,,,,,,,,,,,,,,,,,,,,,,,,,,,,,,,,,,,,,,,,,,,,,,,,,,,,,,,,,,,,,,,,,,,,,,,,,,,,,,,,,,,,,,,,,,,,,,,,,,,11,11,,,,,,,,,,,,,,,,,15,15,,,,,,,,,,,,,,,,,,,,,,,,,,,,,,,,,,,,,,,,,,,,,,,,,,,,,,,,,,,,,,,,,,,,,,,,,,,,,19,19,,,,,13,13,,,,,,,,,,,,,,,,,,,,,,,,,,,,,,,,,,,,,,,,,,,,,,,,,,,,,22,22,SEC,9,5,,9,9,SEC,11,2,,8,8,SEC,11,2,
Florida,UF,Gators,I-FBS,SEC,#FF4A00,#0021A5,FALSE,,,,,,,,,,,,,,,,,,,,,,,,,,,,,,,,,,,,,,,,,,,,,,,,,,,,,,,,,,,,,,,,,,,,,,,,,,,,,,,,,,,,,,,,,,,,,,,,,,,15,15,,,,,,,,,,,,,,,,,,,,,,,,,,,,,17,17,,,,,14,14,,,,,19,19,,,,,18,18,,,,,,,,,,,,,,,,,,,,,,,,,,,,,,,,,,,,,,,,,,,,,,,,,,,,,14,14,,,,,,,,,,,,,,,,,,,,,,,,,,,,,15,15,,,,,,,,,,,,,,,,,,,,,,,,,,,,,,,,,,,,,,,,,,,,,,,,,,,,,6,6,,,,,3,3,,,,,5,5,,,,,,,,,,,,,,,,,,,,,,,,,,,,,13,13,,,,,7,7,,,,,10,10,,,,,5,5,,,,,7,7,,,,,2,2,,,,,1,1,,,,,4,4,,,,,5,5,,,,,12,12,,,,,10,10,,,,,3,3,,,,,,,,,,,24,24,,,,,,,,,,,12,12,,,,,1,1,,,,,13,13,,,,,1,1,,,,,3,3,,,,,,,,,,,,,,,,,9,9,SEC,11,2,
Florida State,FSU,Seminoles,I-FBS,ACC,#540115,#CDC092,FALSE,,,,,,,,,,,,,,,,,,,,,,,,,,,,,,,,,,,,,,,,,,,,,,,,,,,,,,,,,,,,,,,,,,,,,,,,,,,,,,,,,,,,,,,,,,,,,,,,,,,,,,,,,,,,,,,,,,,,,,,,,,,,,,,,,,,,,,,,,,,,,,,,,,,,,,,,,,,,,,,,,,,,,,,,,,,,,,,,,,,,,,,,,,,,,,,,,,,,,,,,,,,,,,,,,,,,,,,,,,,,,,,,,,,,,,,,,,,,,,,,,,,,,,,,,14,14,,,,,,,,,,,6,6,,,,,5,5,,,,,,,,,,,13,13,,,,,,,,,,,17,17,,,,,15,15,,,,,,,,,,,2,2,,,,,3,3,,,,,3,3,,,,,4,4,,,,,4,4,,,,,2,2,,,,,1,1,,,,,4,4,,,,,4,4,,,,,3,3,,,,,3,3,,,,,3,3,,,,,1,1,,,,,5,5,,,,,15,15,,,,,21,21,,,,,11,11,,,,,15,15,,,,,23,23,,,,,,,,,,,,,,,,,21,21,,,,,,,,,,,17,17,ACC,10,4,,23,23,ACC,9,4,,10,10,ACC,12,2,
Clemson,CLEM,Tigers,I-FBS,ACC,#FF6300,#330066,FALSE,34.679,-82.843,,,,,,,,,,,,,,,,,,,12,12,,,,,,,,,,,,,,,,,,,,,,,,,,,,,,,,,,,,,,,,,,,,,,,,,,,,,11,11,,,,,,,,,,,10,10,,,,,20,20,,,,,,,,,,,,,,,,,,,,,,,,,,,,,19,19,,,,,,,,,,,12,12,,,,,11,11,,,,,,,,,,,,,,,,,,,,,,,,,,,,,,,,,,,,,,,,,,,,,,,,,,,,,,,,,,,,,,,,,,,,,,,,,,,,,,,,,,,,,,,,,,,,,,,,,,,,,,,,,,,19,19,,,,,6,6,,,,,,,,,,,,,,,,,1,1,,,,,8,8,,,,,11,11,,,,,,,,,,,,,,,,,17,17,,,,,12,12,,,,,9,9,,,,,12,12,,,,,9,9,,,,,18,18,,,,,,,,,,,23,23,,,,,,,,,,,,,,,,,,,,,,,,,,,,,,,,,,,,,,,,,16,16,,,,,,,,,,,,,,,,,22,22,,,,,,,,,,,21,21,,,,,,,,,,,21,21,,,,,,,,,,,24,24,,,,,,,,,,,22,22,ACC,10,4,,11,11,ACC,11,2,
Kansas State,KSU,Wildcats,I-FBS,Big 12,#512888,#FFFFFF,FALSE,,,,,,,,,,,,,,,,,,,,,,,,,,,,,,,,,,,,,,,,,,,,,,,,,,,,,,,,,,,,,,,,,,,,,,,,,,,,,,,,,,,,,,,,,,,,,,,,,,,,,,,,,,,,,,,,,,,,,,,,,,,,,,,,,,,,,,,,,,,,,,,,,,,,,,,,,,,,,,,,,,,,,,,,,,,,,,,,,,,,,,,,,,,,,,,,,,,,,,,,,,,,,,,,,,,,,,,,,,,,,,,,,,,,,,,,,,,,,,,,,,,,,,,,,,,,,,,,,,,,,,,,,,,,,,,,,,,,,,,,,,,,,,,,,,,,,,,,,,,,,,,,,,,,,,,,,,,,,,,,,,,,,,,,,,,,,,,,,,,,,,,,,20,20,,,,,19,19,,,,,7,7,,,,,17,17,,,,,8,8,,,,,10,10,,,,,6,6,,,,,9,9,,,,,,,,,,,7,7,,,,,14,14,,,,,,,,,,,,,,,,,,,,,,,,,,,,,,,,,,,,,,,,,,,,,,,15,15,Big 12,10,3,,12,12,Big 12,11,2,
Louisville,LOU,Cardinals,I-FBS,AAC,#CC0000,#000000,FALSE,,,,,,,,,,,,,,,,,,,,,,,,,,,,,,,,,,,,,,,,,,,,,,,,,,,,,,,,,,,,,,,,,,,,,,,,,,,,,,,,,,,,,,,,,,,,,,,,,,,,,,,,,,,,,,,,,,,,,,,,,,,,,,,,,,,,,,,,,,,,,,,,,,,,,,,,,,,,,,,,,,,,,,,,,,,,,,,,,,,,,,,,,,,,,,,,,,,,,,,,,,,,,,,,,,,,,,,,,,,18,18,,,,,,,,,,,,,,,,,,,,,,,,,,,,,,,,,,,,,,,,,,,,,,,,,,,,,,,,,,,,,,,,,,,,,,,,,,,,,,,,,,,,,,,,,,,,,,,,,,,,,,,,,,,14,14,,,,,,,,,,,,,,,,,24,24,,,,,,,,,,,,,,,,,,,,,,,,,,,,,,,,,,,,,,,,,,,,,,,17,17,,,,,,,,,,,,,,,,,6,6,,,,,19,19,,,,,6,6,,,,,,,,,,,,,,,,,,,,,,,,,,,,,,,,,,,13,13,Big East,11,2,
Louisiana State,LSU,Tigers,I-FBS,SEC,#461D7C,#FDD023,FALSE,,,2,2,SEC,9,0,1,8,8,,,,,,,,,,,,,,,,,,,,,,,,,,,,,,,,,,,,,,,,,,,,,,,15,15,,,,,8,8,,,,,,,,,,,,,,,,,9,9,,,,,,,,,,,,,,,,,,,,,,,,,,,,,,,,,,,,,,,,,,,,,,,,,,,,,1,1,,,,,3,3,,,,,,,,,,,4,4,,,,,7,7,,,,,,,,,,,7,7,,,,,8,8,,,,,,,,,,,,,,,,,19,19,,,,,10,10,,,,,7,7,,,,,11,11,,,,,11,11,,,,,13,13,,,,,,,,,,,,,,,,,,,,,,,,,,,,,,,,,,,,,,,,,,,,,,,,,,,,,11,11,,,,,,,,,,,15,15,,,,,20,20,,,,,10,10,,,,,5,5,,,,,19,19,,,,,,,,,,,,,,,,,,,,,,,,,,,,,,,,,,,,,,,,,,,,,,,12,12,,,,,13,13,,,,,,,,,,,,,,,,,22,22,,,,,7,7,,,,,,,,,,,2,2,,,,,16,16,,,,,6,6,,,,,3,3,,,,,1,1,,,,,,,,,,,17,17,,,,,8,8,SEC,11,2,,2,2,SEC,13,1,,14,14,SEC,10,3,
Oklahoma,OU,Sooners,I-FBS,Big 12,#9B0000,#FFFDD0,FALSE,,,,,,,,,,,,,,,4,4,,,,,19,19,,,,,,,,,,,,,,,,,,,,,,,,,,,,,,,,,,,,,,,,,14,14,,,,,16,16,,,,,5,5,,,,,2,2,,,,,1,1,,,,,10,10,,,,,4,4,,,,,4,4,,,,,3,3,,,,,1,1,,,,,1,1,,,,,4,4,,,,,5,5,,,,,15,15,,,,,,,,,,,,,,,,,8,8,,,,,9,9,,,,,,,,,,,,,,,,,,,,,,,3,3,,,,,11,11,,,,,,,,,,,20,21,,,,,2,2,,,,,2,2,,,,,3,3,,,,,1,1,,,,,1,1,,,,,5,5,,,,,7,7,,,,,3,3,,,,,3,3,,,,,3,3,,,,,20,20,,,,,16,16,,,,,,,,,,,6,6,,,,,1,1,,,,,3,3,,,,,3,3,,,,,14,14,,,,,,,,,,,17,17,,,,,16,16,,,,,,,,,,,17,17,,,,,,,,,,,,,,,,,,,,,,,,,,,,,,,,,,,,,,,,,1,1,,,,,6,6,,,,,5,5,,,,,3,3,,,,,3,3,,,,,22,22,,,,,11,11,,,,,8,8,,,,,5,5,,,,,,,,,,,6,6,Big 12,12,2,,16,16,Big 12,10,3,,15,15,Big 12,10,3,
Utah State,USU,Aggies,I-FBS,MWC,#003366,#FFFFFF,FALSE,,,,,,,,,,,,,,,,,,,,,,,,,,,,,,,,,,,,,,,,,,,,,,,,,,,,,,,,,,,,,,,,,,,,,,,,,,,,,,,,,,,,,,,,,,,,,,,,,,,,,,,,,,,,,,,,,,,,,,,,,,,,,,,,,,,,,,,,,,,,,,,,,,,,,,,,,10,10,,,,,,,,,,,,,,,,,,,,,,,,,,,,,,,,,,,,,,,,,,,,,,,,,,,,,,,,,,,,,,,,,,,,,,,,,,,,,,,,,,,,,,,,,,,,,,,,,,,,,,,,,,,,,,,,,,,,,,,,,,,,,,,,,,,,,,,,,,,,,,,,,,,,,,,,,,,,,,,,,,,,,,,,,,,,,,,,,,,,,,,,,,,,,,,,,,,,,,,,,,,,,,,,,,,,,,,,,,,,,,,,,,,,,,,,,,,,,,,,,,,,,,,,,,,,,,,,,,,,,,,,,,,,,,,,,,,,,,,,,,,,,,,,,,,,,,,,,,,,,,,,,16,16,WAC,11,2,
Northwestern,NW,Wildcats,I-FBS,Big Ten,#431F81,#FFFFFF,FALSE,,,7,7,Big Ten,7,1,0,,,,,,,17,17,,,,,,,,,,,8,8,,,,,11,11,,,,,,,,,,,9,9,,,,,,,,,,,,,,,,,,,,,,,,,,,,,7,7,,,,,,,,,,,,,,,,,,,,,,,,,,,,,,,,,,,,,,,,,,,,,,,,,,,,,,,,,,,,,,,,,,,,,,,,,,,,,,,,,,,,,,,,,,,,,,,,,,,,,,,,,,,,,,,,,,,,,,,,,,,,,,,,,,,,,,,,,,,,,,,,,,,,,,,,,,,,,,,,,,,,,,,,,,,,,,,,,,,,,,,,,,,,,,,,,,,,,,,,,,,,,,,,,,,,,,,,,,,,,,,,,,,,,,,,,,,,,,,,,,,,,,,,,,,,,,,,,,,,,,,,,,,,,,,,,,,,,,,,,8,8,,,,,15,15,,,,,,,,,,,,,,,,,,,,,,,,,,,,,,,,,,,,,,,,,,,,,,,,,,,,,,,,,,,,,,,,,,,,,,,,,,,,,,,,,,,,,,,,,,,,,,,17,17,Big Ten,10,3,
Boise State,BS,Broncos,I-FBS,MWC,#FF7F00,#0000FF,FALSE,43.603,-116.196,,,,,,,,,,,,,,,,,,,,,,,,,,,,,,,,,,,,,,,,,,,,,,,,,,,,,,,,,,,,,,,,,,,,,,,,,,,,,,,,,,,,,,,,,,,,,,,,,,,,,,,,,,,,,,,,,,,,,,,,,,,,,,,,,,,,,,,,,,,,,,,,,,,,,,,,,,,,,,,,,,,,,,,,,,,,,,,,,,,,,,,,,,,,,,,,,,,,,,,,,,,,,,,,,,,,,,,,,,,,,,,,,,,,,,,,,,,,,,,,,,,,,,,,,,,,,,,,,,,,,,,,,,,,,,,,,,,,,,,,,,,,,,,,,,,,,,,,,,,,,,,,,,,,,,,,,,,,,,,,,,,,,,,,,,,,,,,,,,,,,,,,,,,,,,,,,,,,,,,,,,,,,,,,,,,,,,,,,,,,,,,,,,,,,,,,,,,,,15,15,,,,,16,16,,,,,12,12,,,,,,,,,,,5,5,,,,,,,,,,,11,11,,,,,4,4,,,,,9,9,WAC,12,1,,8,8,MWC,12,1,,18,18,MWC,11,2,
Texas,UT,Longhorns,I-FBS,Big 12,#D36100,#FFFFFF,FALSE,,,,,,,,,,,,,,,,,,,,,,,,,,,,,,,,,4,4,,,,,11,11,,,,,14,14,,,,,,,,,,,10,10,,,,,15,15,,,,,5,5,,,,,,,,,,,,,,,,,3,3,,,,,,,,,,,10,10,,,,,11,11,,,,,,,,,,,,,,,,,,,,,,,11,11,,,,,,,,,,,4,4,,,,,,,,,,,3,3,,,,,4,4,,,,,1,1,,,,,5,5,,,,,,,,,,,,,,,,,,,,,,,3,3,,,,,1,1,,,,,3,3,,,,,18,18,,,,,3,3,,,,,14,14,,,,,17,18,,,,,6,6,,,,,,,,,,,4,4,,,,,9,9,,,,,12,12,,,,,,,,,,,2,2,,,,,17,17,,,,,5,5,,,,,,,,,,,,,,,,,,,,,,,,,,,,,,,,,,,,,,,,,12,12,,,,,,,,,,,,,,,,,,,,,,,25,25,,,,,14,14,,,,,23,23,,,,,,,,,,,15,15,,,,,21,21,,,,,12,12,,,,,5,5,,,,,6,6,,,,,12,12,,,,,5,5,,,,,1,1,,,,,13,13,,,,,10,11,,,,,4,4,,,,,2,2,,,,,,,,,,,,,,,,,19,19,Big 12,9,4,
Oregon State,OST,Beavers,I-FBS,Pac-12,#D85A1A,#000000,FALSE,,,,,,,,,,,,,,,,,,,,,,,,,,,,,,,,,12,12,,,,,,,,,,,,,,,,,,,,,,,,,,,,,,,,,,,,,,,,,,,,,,,,,,,,,,,,,,,,,,,,,,,,,,,,,,,,,,,,,,,,,,,,,10,10,,,,,,,,,,,,,,,,,,,,,,,,,,,,,,,,,,,,,,,,,,,,,,,8,8,,,,,,,,,,,,,,,,,7,7,,,,,15,15,,,,,,,,,,,,,,,,,,,,,,,,,,,,,,,,,,,,,,,,,,,,,,,,,,,,,,,,,,,,,,,,,,,,,,,,,,,,,,,,,,,,,,,,,,,,,,,,,,,,,,,,,,,,,,,,,,,,,,,,,,,,,,,,,,,,,,,,,,,,,,,,,,,,,,,,,,,,,,,,,,,,,,,,,,,,,,,,,,,,,,,,,,,,,,,4,4,,,,,,,,,,,,,,,,,,,,,,,,,,,,,,,,,,,21,21,,,,,25,25,,,,,18,18,,,,,,,,,,,,,,,,,,,,,,,20,20,Pac-12,9,4,
San Jose State,SJSU,Spartans,I-FBS,MWC,#0060AC,#FFD51D,FALSE,,,,,,,,,,,,,,,,,,,,,,,,,,,,,,,,,,,,,,,,,,,,,,,,,,,,,,,,,,,,,,,,,,,,,,,,,,,,,,,,,,,,,,,,,,,,,,,,,,,,,,,,,,,,,,,,,,,,,,,,,,,,,,,,,,,,,,,,,,,,,,,,,,,,,,,,,,,,,,,,,,,,,,,,,,,,,,,,,,,,,,,,,,,,,,,,,,,,,,,,,,,,,,,,,,,,,,,,,,,,,,,,,,,,,,,,,,,,,,,,,,,,,,,,,,,,,,,,,,,,,,,,,,,,,,,,,,,,,,,,,,,,,,,,,,,,,,,,,,,,,,,,,,,,,,,,,,,,,,,,,,,,,,,,,,,,,,,,,,,,,,,,,,,,,,,,,,,,,,,,,,,,,,,,,,,,,,,,,,,,,,,,,,,,,,,,,,,,,,,,,,,,,,,,,,,,,,,,,,,,,,,,,,,,,,,,,,,,,,,,,,,,,,,,,,,,,,,,,,,21,21,WAC,11,2,
Northern Illinois,NIU,Huskies,I-FBS,MAC,#000000,#C41E3A,FALSE,,,,,,,,,,,,,,,,,,,,,,,,,,,,,,,,,,,,,,,,,,,,,,,,,,,,,,,,,,,,,,,,,,,,,,,,,,,,,,,,,,,,,,,,,,,,,,,,,,,,,,,,,,,,,,,,,,,,,,,,,,,,,,,,,,,,,,,,,,,,,,,,,,,,,,,,,,,,,,,,,,,,,,,,,,,,,,,,,,,,,,,,,,,,,,,,,,,,,,,,,,,,,,,,,,,,,,,,,,,,,,,,,,,,,,,,,,,,,,,,,,,,,,,,,,,,,,,,,,,,,,,,,,,,,,,,,,,,,,,,,,,,,,,,,,,,,,,,,,,,,,,,,,,,,,,,,,,,,,,,,,,,,,,,,,,,,,,,,,,,,,,,,,,,,,,,,,,,,,,,,,,,,,,,,,,,,,,,,,,,,,,,,,,,,,,,,,,,,,,,,,,,,,,,,,,,,,,,,,,,,,,,,,,,,,,,,,,,,,,,,,,,,,,,,,,,,,,,,,,22,22,MAC,12,2,
Vanderbilt,BILT,Commodores,I-FBS,SEC,#000000,#BDAE79,FALSE,,,,,,,,,,,,,,,,,,,,,,,,,,,,,,,,,,,,,,,,,,,,,,,,,,,,,,,,,,,,,,,,,,,,,,,,,,,12,12,,,,,,,,,,,,,,,,,,,,,,,,,,,,,,,,,,,,,,,,,,,,,,,,,,,,,,,,,,,,,,,,,,,,,,,,,,,,,,,,,,,,,,,,,,,,,,,,,,,,,,,,,,,,,,,,,,,,,,,,,,,,,,,,,,,,,,,,,,,,,,,,,,,,,,,,,,,,,,,,,,,,,,,,,,,,,,,,,,,,,,,,,,,,,,,,,,,,,,,,,,,,,,,,,,,,,,,,,,,,,,,,,,,,,,,,,,,,,,,,,,,,,,,,,,,,,,,,,,,,,,,,,,,,,,,,,,,,,,,,,,,,,,,,,,,,,,,,,,,,,,,,,,,,,,,,,,,,,,,,,,,,,,,,,,,,,,,,,,,,,,,,,,,,,,,,,,,,,,,,,,,,,,,,,,,,,,,,,,,,,,,23,23,SEC,9,4,
Michigan,UM,Wolverines,I-FBS,Big Ten,#002654,#FCD116,FALSE,,,,,,,,,,,,,,,16,16,,,,,20,20,,,,,3,3,,,,,5,5,,,,,9,9,,,,,3,3,,,,,8,8,,,,,6,6,,,,,6,6,,,,,2,2,,,,,1,1,,,,,7,7,,,,,9,9,,,,,,,,,,,,,,,,,20,20,,,,,15,15,,,,,12,12,,,,,7,7,,,,,,,,,,,,,,,,,,,,,,,,,,,,,,,,,,,,,,,,,,,,,,,4,4,,,,,,,,,,,,,,,,,,,,,,,12,12,,,,,9,9,,,,,9,9,,,,,6,6,,,,,6,6,,,,,6,6,,,,,3,3,,,,,8,8,,,,,3,3,,,,,9,9,,,,,5,5,,,,,18,18,,,,,4,4,,,,,12,12,,,,,,,,,,,8,8,,,,,,,,,,,2,2,,,,,8,8,,,,,19,19,,,,,4,4,,,,,7,7,,,,,7,7,,,,,6,6,,,,,5,5,,,,,21,21,,,,,12,12,,,,,17,17,,,,,20,20,,,,,1,1,,,,,12,12,,,,,5,5,,,,,11,11,,,,,20,20,,,,,9,9,,,,,6,6,,,,,14,14,,,,,,,,,,,8,8,,,,,18,18,,,,,,,,,,,,,,,,,,,,,,,12,12,Big Ten,11,2,,24,24,Big Ten,8,5,
Nebraska,NEB,Cornhuskers,I-FBS,Big Ten,#CE1126,#FFFDD0,FALSE,,,9,9,Big 6,7,2,0,11,11,,,,,,,,,,,18,18,,,,,7,7,,,,,,,,,,,,,,,,,,,,,,,,,,,,,,,,,,,,,,,,,,,,,,,,,,,,,,,,,,,17,17,,,,,,,,,,,,,,,,,,,,,,,,,,,,,,,,,,,,,,,,,,,,,,,,,,,,,,,,,,,,,,,,,,,,,,,,,,,,,6,6,,,,,6,6,,,,,5,5,,,,,6,6,,,,,,,,,,,,,,,,,11,11,,,,,1,1,,,,,1,1,,,,,4,4,,,,,7,7,,,,,9,9,,,,,9,9,,,,,9,9,,,,,12,12,,,,,8,8,,,,,9,9,,,,,7,7,,,,,11,11,,,,,3,3,,,,,2,2,,,,,4,4,,,,,11,11,,,,,5,5,,,,,6,6,,,,,10,10,,,,,11,11,,,,,24,24,,,,,15,15,,,,,14,14,,,,,3,3,,,,,1,1,,,,,1,1,,,,,6,6,,,,,2,2,,,,,19,19,,,,,3,3,,,,,8,8,,,,,8,8,,,,,,,,,,,19,19,,,,,,,,,,,24,24,,,,,,,,,,,,,,,,,,,,,,,14,14,,,,,20,20,Big 12,10,4,,24,24,Big Ten,9,4,,25,25,Big Ten,10,4,
Air Force,AF,Falcons,I-FBS,MWC,#0038A8,#A8ADB4,FALSE,38.997,-104.843,,,,,,,,,,,,,,,,,,,,,,,,,,,,,,,,,,,,,,,,,,,,,,,,,,,,,,,,,,,,,,,,,,,,,,,,,,,,,,,,,,,,,,,,,,,,,,,,,,,,,,,,,,,,,,,,,,,,,,,,,,,,,,,,,,,,,6,6,,,,,,,,,,,,,,,,,,,,,,,,,,,,,,,,,,,,,,,,,,,,,,,,,,,,,,,,,,,,,,,,,,,,,,,16,16,,,,,,,,,,,,,,,,,,,,,,,,,,,,,,,,,,,,,,,,,,,,,,,,,,,,,,,,,,,,,,,,,,,,,,,,,,,,,13,13,,,,,,,,,,,8,8,,,,,,,,,,,,,,,,,,,,,,,,,,,,,,,,,,,25,25,,,,,,,,,,,,,,,,,,,,,,,,,,,,,,,,,,,,,,,,,13,13,,,,,,,,,,,,,,,,,,,,,,,,,,,,,,,,,,,,,,,,,,,,,,,,,,,,,,,,,,,,,,,,,,,,,,,,,,,,,,,,,,,,,,,,
Arizona,ARI,Wildcats,I-FBS,Pac-12,#003366,#CC0033,FALSE,32.229,-110.949,,,,,,,,,,,,,,,,,,,,,,,,,,,,,,,,,,,,,,,,,,,,,,,,,,,,,,,,,,,,,,,,,,,,,,,,,,,,,,,,,,,,,,,,,,,,,,,,,,,,,,,,,,,,,,,,,,,,,,,,,,,,,,,,,,,,,,,,,,,,,,,,,,,,,,,17,17,,,,,,,,,,,,,,,,,,,,,,,,,,,,,,,,,,,,,,,,,,,,,,,,,,,,,,,,,,,,,,,,,,,,,,,,,,,,,,,,,,,18,18,,,,,,,,,,,,,,,,,,,,,,,,,,,,,,,,,,,,,,,,,,,,,,,,,,,,,,,,,,,,,,,,,11,11,,,,,,,,,,,,,,,,,25,25,,,,,,,,,,,,,,,,,,,,,,,10,10,,,,,20,20,,,,,,,,,,,,,,,,,,,,,,,4,4,,,,,,,,,,,,,,,,,,,,,,,,,,,,,,,,,,,,,,,,,,,,,,,,,,,,,,,,,,,,,,,,,,,,,,,,,,,,,,,,,,,,,,,,
Arizona State,ASU,Sun Devils,I-FBS,Pac-12,#8D0E3B,#FCC626,FALSE,33.426,-111.933,,,,,,,,,,,,,,,,,,,,,,,,,,,,,,,,,,,,,,,,,,,,,,,,,,,,,,,,,,,,,,,,,,,,,,,,,,,,,,,,,,,,,,,,,,,,,,,,,,,,,,,,,,,,,,,,,,,,,,,,,,,,,,,12,12,,,,,,,,,,,,,,,,,,,,,,,,,,,,,,,,,,,,,,,,,,,,,,,,,,,,,,,,,,,,,,,,,,,,,,,,,,,,,6,6,,,,,8,8,,,,,13,13,,,,,9,9,,,,,,,,,,,2,2,,,,,,,,,,,18,18,,,,,,,,,,,,,,,,,,,,,,,16,16,,,,,6,6,,,,,,,,,,,,,,,,,,,,,,,4,4,,,,,20,20,,,,,,,,,,,,,,,,,,,,,,,,,,,,,,,,,,,,,,,,,,,,,,,,,,,,,4,4,,,,,14,14,,,,,,,,,,,,,,,,,,,,,,,,,,,,,,,,,,,,,,,,,19,19,,,,,,,,,,,,,,,,,16,16,,,,,,,,,,,,,,,,,,,,,,,,,,,,,,,,,,
Arkansas,ARK,Razorbacks,I-FBS,SEC,#C41E3A,#FFFFFF,FALSE,36.068,-94.179,18,18,SWC,6,3,0,14,14,,,,,,,,,,,,,,,,,,,,,,,,,,,,,,,,,,,,,,,,,,,,,,,,,,,,,16,16,,,,,,,,,,,,,,,,,,,,,,,,,,,,,,,,,,,,,,,,,,,,,,,10,10,,,,,,,,,,,,,,,,,,,,,,,,,,,,,9,9,,,,,7,7,,,,,9,9,,,,,6,6,,,,,,,,,,,2,2,,,,,3,3,,,,,,,,,,,,,,,,,6,6,,,,,7,7,,,,,11,11,,,,,16,16,,,,,,,,,,,,,,,,,,,,,,,7,7,,,,,,,,,,,3,3,,,,,11,11,,,,,8,8,,,,,,,,,,,,,,,,,9,9,,,,,,,,,,,,,,,,,12,12,,,,,15,15,,,,,,,,,,,12,12,,,,,13,13,,,,,,,,,,,,,,,,,,,,,,,,,,,,,,,,,,,,,,,,,,,,,,,,,,,,,16,16,,,,,17,17,,,,,,,,,,,,,,,,,,,,,,,,,,,,,,,,,,,,,,,,,15,15,,,,,,,,,,,,,,,,,,,,,,,12,12,SEC,10,3,,5,5,SEC,11,2,,,,,,,
Army,ARMY,Black Knights,I-FBS,Independent,#000000,#E8D3AC,FALSE,41.388,-73.964,,,,,,,,,,,,,,,,,,,,,,,,,,,,,,,,,,,,,,,,,,,11,11,,,,,1,1,,,,,1,1,,,,,2,2,,,,,11,11,,,,,6,6,,,,,4,4,,,,,2,2,,,,,,,,,,,,,,,,,14,14,,,,,7,7,,,,,20,20,,,,,,,,,,,18,18,,,,,3,3,,,,,,,,,,,,,,,,,,,,,,,,,,,,,,,,,,,,,,,,,,,,,,,,,,,,,,,,,,,,,,,,,,,,,,,,,,,,,,,,,,,,,,,,,,,,,,,,,,,,,,,,,,,,,,,,,,,,,,,,,,,,,,,,,,,,,,,,,,,,,,,,,,,,,,,,,,,,,,,,,,,,,,,,,,,,,,,,,,,,,,,,,,,,,,,,,,,,,,,,,,,,,,,,,,,,,,,,,,,,,,,,,,,25,25,,,,,,,,,,,,,,,,,,,,,,,,,,,,,,,,,,,,,,,,,,,,,,,,,,,,,,,,,,,,,,,,,,,,,,,,,,,,,,,,,,,,,,,,,,,,,,,,,,,,
Auburn,AUB,Tigers,I-FBS,SEC,#021C42,#FF5805,FALSE,32.602,-85.489,,,,,,,,,,,,,,,,,,,,,,,,,,,,,,,,,,,,,16,16,,,,,,,,,,,,,,,,,,,,,,,,,,,,,,,,,,,,,,,,,,,,,,,,,,,,,,,,,,,,,,,,,17,17,,,,,13,13,,,,,8,8,,,,,,,,,,,1,1,,,,,4,4,,,,,,,,,,,13,13,,,,,,,,,,,,,,,,,5,5,,,,,,,,,,,,,,,,,,,,,,,,,,,,,16,16,,,,,20,20,,,,,10,10,,,,,12,12,,,,,5,5,,,,,,,,,,,8,8,,,,,,,,,,,,,,,,,,,,,,,,,,,,,16,16,,,,,,,,,,,,,,,,,14,14,,,,,3,3,,,,,14,14,,,,,,,,,,,6,6,,,,,7,7,,,,,8,8,,,,,6,6,,,,,19,19,,,,,,,,,,,,,,,,,4,4,,,,,9,9,,,,,22,22,,,,,24,24,,,,,11,11,,,,,,,,,,,,,,,,,18,18,,,,,,,,,,,14,14,,,,,,,,,,,2,2,,,,,14,14,,,,,9,9,,,,,15,15,,,,,,,,,,,,,,,,,1,1,SEC,14,0,,,,,,,,,,,,,
Bainbridge NTS,BNTS,,N/A,N/A,,,TRUE,39.605,-76.115,,,,,,,,,,,,,,,,,,,,,,,,,,,,,,,,,,,,,,,,,,,17,17,,,,,5,5,,,,,,,,,,,,,,,,,,,,,,,,,,,,,,,,,,,,,,,,,,,,,,,,,,,,,,,,,,,,,,,,,,,,,,,,,,,,,,,,,,,,,,,,,,,,,,,,,,,,,,,,,,,,,,,,,,,,,,,,,,,,,,,,,,,,,,,,,,,,,,,,,,,,,,,,,,,,,,,,,,,,,,,,,,,,,,,,,,,,,,,,,,,,,,,,,,,,,,,,,,,,,,,,,,,,,,,,,,,,,,,,,,,,,,,,,,,,,,,,,,,,,,,,,,,,,,,,,,,,,,,,,,,,,,,,,,,,,,,,,,,,,,,,,,,,,,,,,,,,,,,,,,,,,,,,,,,,,,,,,,,,,,,,,,,,,,,,,,,,,,,,,,,,,,,,,,,,,,,,,,,,,,,,,,,,,,,,,,,,,,,,,,,,,,,,,,,,,,,,,,,,,,,,,,,,
Baylor,BAY,Bears,I-FBS,Big 12,#004933,#FDBE0F,FALSE,31.53,-97.148,,,,,,,,,,,,,,,,,,,,,,,,,,,,,,,,,,,,,,,,,,,,,,,,,,,,,,,,,,,,,,,,,,,,,,,,,,,,,,,20,20,,,,,,,,,,,9,9,,,,,,,,,,,,,,,,,18,18,,,,,,,,,,,11,11,,,,,,,,,,,,,,,,,,,,,,,12,12,,,,,,,,,,,,,,,,,,,,,,,,,,,,,,,,,,,,,,,,,,,,,,,,,,,,,,,,,,,,,,,,,,,,,,,,,,,,,,,,,,,14,14,,,,,,,,,,,,,,,,,,,,,,,,,,,,,14,14,,,,,14,14,,,,,,,,,,,,,,,,,,,,,,,,,,,,,17,17,,,,,12,12,,,,,,,,,,,,,,,,,,,,,,,,,,,,,,,,,,,,,,,,,,,,,,,,,,,,,,,,,,,,,,,,,,,,,,,,,,,,,,,,,,,,,,,,,,,,,,,,,,,,,,,,,,,,,,,,,,,,,,,,,,,,,,,,,,,,,,,,,,,,,,,,,,,,,13,13,Big 12,10,3,,,,,,,
Boston College,BC,Eagles,I-FBS,ACC,#8B0000,#C5B358,FALSE,42.335,-71.166,,,,,,,,,,,,,,,,,,,11,11,,,,,5,5,,,,,,,,,,,8,8,,,,,,,,,,,,,,,,,,,,,,,,,,,,,,,,,,,,,,,,,,,,,,,,,,,,,,,,,,,,,,,,,,,,,,,,,,,,,,,,,,,,,,,,,,,,,,,,,,,,,,,,,,,,,,,,,,,,,,,,,,,,,,,,,,,,,,,,,,,,,,,,,,,,,,,,,,,,,,,,,,,,,,,,,,,,,,,,,,,,,,,,,,,,,,,,,,,,,,,,,,,,,,,,,,,,,,,,,,,,,,,,,,,,,,,,,,,,,,,,,,,,,19,19,,,,,5,5,,,,,,,,,,,19,19,,,,,,,,,,,,,,,,,,,,,,,,,,,,,,,,,,,21,21,,,,,13,13,,,,,23,23,,,,,,,,,,,,,,,,,,,,,,,,,,,,,,,,,,,,,,,,,21,21,,,,,,,,,,,,,,,,,21,21,,,,,18,18,,,,,20,20,,,,,10,10,,,,,,,,,,,,,,,,,,,,,,,,,,,,,,,,,,
Boston Univ.,BOS,Terriers,N/A,N/A,#FF2000,#FFFFFF,FALSE,42.353,-71.119,,,,,,,,,,,,,,,,,,,,,,,,,,,,,,,,,,,,,,,,,,,,,,,,,,,,,,,,,,,,,,,,,,,,,,,,,,,,,,,,,,,,,,,,,,,16,16,,,,,,,,,,,,,,,,,,,,,,,,,,,,,,,,,,,,,,,,,,,,,,,,,,,,,,,,,,,,,,,,,,,,,,,,,,,,,,,,,,,,,,,,,,,,,,,,,,,,,,,,,,,,,,,,,,,,,,,,,,,,,,,,,,,,,,,,,,,,,,,,,,,,,,,,,,,,,,,,,,,,,,,,,,,,,,,,,,,,,,,,,,,,,,,,,,,,,,,,,,,,,,,,,,,,,,,,,,,,,,,,,,,,,,,,,,,,,,,,,,,,,,,,,,,,,,,,,,,,,,,,,,,,,,,,,,,,,,,,,,,,,,,,,,,,,,,,,,,,,,,,,,,,,,,,,,,,,,,,,,,,,,,,,,,,,,,,,,,,,,,,,,,,,,,,,,,,,,,,,,,,,,,,,,
Bowling Green,BGSU,Falcons,I-FBS,MAC,#FF7300,#613005,FALSE,41.378,-83.622,,,,,,,,,,,,,,,,,,,,,,,,,,,,,,,,,,,,,,,,,,,,,,,,,,,,,,,,,,,,,,,,,,,,,,,,,,,,,,,,,,,,,,,,,,,,,,,,,,,,,,,,,,,,,,,,,,,,,,,,,,,,,,,,,,,,,,,,,,,,,,,,,,,,,,,,,,,,,,,,,,,,,,,,,,,,,,,,,,,,,,,,,,,,,,,,,,,,,,,,,,,,,,,,,,,,,,,,,,,,,,,,,,,,,,,,,,,,,,,,,,,,,,,,,,,,,,,,,,,,,,,,,,,,,,,,,,,,,,,,,,,,,,,,,,,,,,,,,,,,,,,,,,,,,,,,,,,,,,,,,,,,,,,,,,,,,,,,,,,,,,,,,,,,,,,,,,,,,,,,,,,,,,,,,,,,,,,,,,,,,,,,,,,,,,,,,,,,,,,,,,,23,23,,,,,,,,,,,,,,,,,,,,,,,,,,,,,,,,,,,,,,,,,,,,,,,,,,,,,,,,,,
Brigham Young,BYU,Cougars,I-FBS,Independent,#001E4C,#FFFFFF,FALSE,40.258,-111.654,,,,,,,,,,,,,,,,,,,,,,,,,,,,,,,,,,,,,,,,,,,,,,,,,,,,,,,,,,,,,,,,,,,,,,,,,,,,,,,,,,,,,,,,,,,,,,,,,,,,,,,,,,,,,,,,,,,,,,,,,,,,,,,,,,,,,,,,,,,,,,,,,,,,,,,,,,,,,,,,,,,,,,,,,,,,,,,,,,,,,,,,,,,,,,,,,,,,,,,,,,,,,,,,,,,,,,,,,,,,,,,,,,,,,,,,,,,,,,,,,,,,,,,20,20,,,,,,,,,,,13,13,,,,,12,12,,,,,13,13,,,,,,,,,,,7,7,,,,,1,1,,,,,16,16,,,,,,,,,,,,,,,,,,,,,,,22,22,,,,,22,22,,,,,23,23,,,,,,,,,,,,,,,,,18,18,,,,,,,,,,,5,5,,,,,,,,,,,,,,,,,,,,,,,,,,,,,25,25,,,,,,,,,,,,,,,,,,,,,,,,,,,,,16,16,,,,,14,14,,,,,25,25,,,,,12,12,,,,,,,,,,,,,,,,,,,,,,
California,CAL,Golden Bears,I-FBS,Pac-12,#010066,#FFCC33,FALSE,37.871,-122.251,,,,,,,2,2,,,,,14,14,,,,,,,,,,,,,,,,,,,,,,,,,,,,,,,,,,,,,,,,,,,,,,,,,,,,,15,15,,,,,4,4,,,,,3,3,,,,,5,5,,,,,12,12,,,,,,,,,,,,,,,,,,,,,,,,,,,,,,,,,,,,,,,,,16,16,,,,,,,,,,,,,,,,,,,,,,,,,,,,,,,,,,,,,,,,,,,,,,,,,,,,,,,,,,,,,,,,,,,,,,,,,,,,,,,,,,,,,,,,,,,,,,,,,,,,,14,14,,,,,,,,,,,,,,,,,,,,,,,,,,,,,,,,,,,,,,,,,,,,,,,,,,,,,,,,,,,,,,,,,,,,,,,,,,,,,,,,,,,,,,,,,,,,,,,8,8,,,,,,,,,,,25,25,,,,,,,,,,,,,,,,,,,,,,,,,,,,,,,,,,,,,,,,,,,,,,,,,,,,,,,,,,,,,,,,,9,9,,,,,25,25,,,,,14,14,,,,,,,,,,,,,,,,,,,,,,,,,,,,,,,,,,,,,,,,
Carnegie-Mellon,C-M,Tartans,III,UAA,#990000,#464646,FALSE,40.443,-79.94,,,,,,,,,,,,,6,6,,,,,,,,,,,,,,,,,,,,,,,,,,,,,,,,,,,,,,,,,,,,,,,,,,,,,,,,,,,,,,,,,,,,,,,,,,,,,,,,,,,,,,,,,,,,,,,,,,,,,,,,,,,,,,,,,,,,,,,,,,,,,,,,,,,,,,,,,,,,,,,,,,,,,,,,,,,,,,,,,,,,,,,,,,,,,,,,,,,,,,,,,,,,,,,,,,,,,,,,,,,,,,,,,,,,,,,,,,,,,,,,,,,,,,,,,,,,,,,,,,,,,,,,,,,,,,,,,,,,,,,,,,,,,,,,,,,,,,,,,,,,,,,,,,,,,,,,,,,,,,,,,,,,,,,,,,,,,,,,,,,,,,,,,,,,,,,,,,,,,,,,,,,,,,,,,,,,,,,,,,,,,,,,,,,,,,,,,,,,,,,,,,,,,,,,,,,,,,,,,,,,,,,,,,,,,,,,,,,,,,,,,,,,,,,,,,,,,,,,,,,,,,,,
Central Florida,UCF,Knights,I-FBS,AAC,#000000,#BC9B6A,FALSE,,,,,,,,,,,,,,,,,,,,,,,,,,,,,,,,,,,,,,,,,,,,,,,,,,,,,,,,,,,,,,,,,,,,,,,,,,,,,,,,,,,,,,,,,,,,,,,,,,,,,,,,,,,,,,,,,,,,,,,,,,,,,,,,,,,,,,,,,,,,,,,,,,,,,,,,,,,,,,,,,,,,,,,,,,,,,,,,,,,,,,,,,,,,,,,,,,,,,,,,,,,,,,,,,,,,,,,,,,,,,,,,,,,,,,,,,,,,,,,,,,,,,,,,,,,,,,,,,,,,,,,,,,,,,,,,,,,,,,,,,,,,,,,,,,,,,,,,,,,,,,,,,,,,,,,,,,,,,,,,,,,,,,,,,,,,,,,,,,,,,,,,,,,,,,,,,,,,,,,,,,,,,,,,,,,,,,,,,,,,,,,,,,,,,,,,,,,,,,,,,,,,,,,,,,,,,,,,,,,,,,,,,,,,,,,,,,,,,,,,,,,,,,,21,21,C-USA,11,3,,,,,,,,,,,,,
Central Michigan,CMU,Chippewas,I-FBS,MAC,#660033,#FFCC00,FALSE,43.578,-84.771,,,,,,,,,,,,,,,,,,,,,,,,,,,,,,,,,,,,,,,,,,,,,,,,,,,,,,,,,,,,,,,,,,,,,,,,,,,,,,,,,,,,,,,,,,,,,,,,,,,,,,,,,,,,,,,,,,,,,,,,,,,,,,,,,,,,,,,,,,,,,,,,,,,,,,,,,,,,,,,,,,,,,,,,,,,,,,,,,,,,,,,,,,,,,,,,,,,,,,,,,,,,,,,,,,,,,,,,,,,,,,,,,,,,,,,,,,,,,,,,,,,,,,,,,,,,,,,,,,,,,,,,,,,,,,,,,,,,,,,,,,,,,,,,,,,,,,,,,,,,,,,,,,,,,,,,,,,,,,,,,,,,,,,,,,,,,,,,,,,,,,,,,,,,,,,,,,,,,,,,,,,,,,,,,,,,,,,,,,,,,,,,,,,,,,,,,,,,,,,,,,,,,,,,,,,,,,,,,,,,,,,,,,,,,,,,,,,,,,,23,23,,,,,,,,,,,,,,,,,,,,,,
Cincinnati,CIN,Bearcats,I-FBS,AAC,#E00122,#000000,FALSE,39.131,-84.516,,,,,,,,,,,,,,,,,,,,,,,,,,,,,,,,,,,,,,,,,,,,,,,,,,,,,,,,,,,,,,,,,,,,,,,,,,,,,,,,,,,,,,,,,,,,,,,,,,,,,,,,,,,,,,,,,,,,,,,,,,,,,,,,,,,,,,,,,,,,,,,,,,,,,,,,,,,,,,,,,,,,,,,,,,,,,,,,,,,,,,,,,,,,,,,,,,,,,,,,,,,,,,,,,,,,,,,,,,,,,,,,,,,,,,,,,,,,,,,,,,,,,,,,,,,,,,,,,,,,,,,,,,,,,,,,,,,,,,,,,,,,,,,,,,,,,,,,,,,,,,,,,,,,,,,,,,,,,,,,,,,,,,,,,,,,,,,,,,,,,,,,,,,,,,,,,,,,,,,,,,,,,,,,,,,,,,,,,,,,,,,,,,,,,,,,,,,,,,,,,,,,,,,,,,,,,,,,,,,,,,,,,,,17,17,,,,,17,17,,,,,8,8,,,,,,,,,,,25,25,Big East,10,3,,,,,,,
Colorado,UC,Buffaloes,I-FBS,Pac-12,#C0C0C0,#CEBE70,FALSE,,,,,,,,,17,17,,,,,,,,,,,,,,,,,,,,,,,,,,,,,,,,,,,,,,,,,,,,,,,,,,,,,,,,,,,,,,,,,,,,,,,,,,,,,,,,,,,,,,,,,,,,,,,,,,,,,,,,,,,,,,,,,20,20,,,,,,,,,,,,,,,,,,,,,,,,,,,,,7,7,,,,,,,,,,,,,,,,,,,,,,,,,,,,,,,,,,,,,,,,,,,,,,,16,16,,,,,,,,,,,3,3,,,,,16,16,,,,,,,,,,,,,,,,,16,16,,,,,16,16,,,,,,,,,,,,,,,,,,,,,,,,,,,,,,,,,,,,,,,,,,,,,,,,,,,,,,,,,,,,,,,,,,,,,,,,,,,,,4,4,,,,,1,1,,,,,20,20,,,,,13,13,,,,,16,16,,,,,3,3,,,,,5,5,,,,,8,8,,,,,,,,,,,,,,,,,,,,,,,,,,,,,9,9,,,,,20,20,,,,,,,,,,,,,,,,,,,,,,,,,,,,,,,,,,,,,,,,,,,,,,,,,,,,,,,,,,,,,,,,
Colorado College,CC,Tigers,N/A,N/A,#000000,#EFB310,FALSE,,,,,,,,,,,,,,,,,,,,,,,,,,,,,,,,,,,,,,,,,,,,,18,18,,,,,,,,,,,,,,,,,,,,,,,,,,,,,,,,,,,,,,,,,,,,,,,,,,,,,,,,,,,,,,,,,,,,,,,,,,,,,,,,,,,,,,,,,,,,,,,,,,,,,,,,,,,,,,,,,,,,,,,,,,,,,,,,,,,,,,,,,,,,,,,,,,,,,,,,,,,,,,,,,,,,,,,,,,,,,,,,,,,,,,,,,,,,,,,,,,,,,,,,,,,,,,,,,,,,,,,,,,,,,,,,,,,,,,,,,,,,,,,,,,,,,,,,,,,,,,,,,,,,,,,,,,,,,,,,,,,,,,,,,,,,,,,,,,,,,,,,,,,,,,,,,,,,,,,,,,,,,,,,,,,,,,,,,,,,,,,,,,,,,,,,,,,,,,,,,,,,,,,,,,,,,,,,,,,,,,,,,,,,,,,,,,,,,,,,,,,,,,,,,,,,,,,,,,,,,,,,,,
Colorado State,CSU,Rams,I-FBS,MWC,#00A550,#FFFFFF,FALSE,,,,,,,,,,,,,,,,,,,,,,,,,,,,,,,,,,,,,,,,,,,,,,,,,,,,,,,,,,,,,,,,,,,,,,,,,,,,,,,,,,,,,,,,,,,,,,,,,,,,,,,,,,,,,,,,,,,,,,,,,,,,,,,,,,,,,,,,,,,,,,,,,,,,,,,,,,,,,,,,,,,,,,,,,,,,,,,,,,,,,,,,,,,,,,,,,,,,,,,,,,,,,,,,,,,,,,,,,,,,,,,,,,,,,,,,,,,,,,,,,,,,,,,,,,,,,,,,,,,,,,,,,,,,,,,,,,,,,,,,,,,,,,,,,,,,,,,,,,,,,,,,,,,,,,,,,,,,,,,,,,,,,,,,,,,,,,,,,,,,,,,,,,,,,,,16,16,,,,,,,,,,,,,,,,,17,17,,,,,,,,,,,,,,,,,14,14,,,,,,,,,,,,,,,,,,,,,,,,,,,,,,,,,,,,,,,,,,,,,,,,,,,,,,,,,,,,,,,,,,,,,,,,,,,,
Columbia,COL,Lions,I-FCS,Ivy,#9BDDFF,#FFFFFF,FALSE,,,,,,,,,,,,,,,,,,,,,,,,,,,,,,,,,,,,,,,,,,,,,,,,,,,,,,,,,20,20,,,,,,,,,,,20,20,,,,,,,,,,,,,,,,,,,,,,,,,,,,,,,,,,,,,,,,,,,,,,,,,,,,,,,,,,,,,,,,,,,,,,,,,,,,,,,,,,,,,,,,,,,,,,,,,,,,,,,,,,,,,,,,,,,,,,,,,,,,,,,,,,,,,,,,,,,,,,,,,,,,,,,,,,,,,,,,,,,,,,,,,,,,,,,,,,,,,,,,,,,,,,,,,,,,,,,,,,,,,,,,,,,,,,,,,,,,,,,,,,,,,,,,,,,,,,,,,,,,,,,,,,,,,,,,,,,,,,,,,,,,,,,,,,,,,,,,,,,,,,,,,,,,,,,,,,,,,,,,,,,,,,,,,,,,,,,,,,,,,,,,,,,,,,,,,,,,,,,,,,,,,,,,,,,,,,,,,,,,,,,,,,,,,,,,,,,,,,,,,,,,,,,,,,
Cornell,COR,Big Red,I-FCS,Ivy,#B31B1B,#FFFFFF,FALSE,,,,,,,,,,,,,,,12,12,,,,,4,4,,,,,15,15,,,,,,,,,,,,,,,,,,,,,,,,,,,,,,,,,,,,,,,,,,,,,,,19,19,,,,,12,12,,,,,,,,,,,,,,,,,,,,,,,,,,,,,,,,,,,,,,,,,,,,,,,,,,,,,,,,,,,,,,,,,,,,,,,,,,,,,,,,,,,,,,,,,,,,,,,,,,,,,,,,,,,,,,,,,,,,,,,,,,,,,,,,,,,,,,,,,,,,,,,,,,,,,,,,,,,,,,,,,,,,,,,,,,,,,,,,,,,,,,,,,,,,,,,,,,,,,,,,,,,,,,,,,,,,,,,,,,,,,,,,,,,,,,,,,,,,,,,,,,,,,,,,,,,,,,,,,,,,,,,,,,,,,,,,,,,,,,,,,,,,,,,,,,,,,,,,,,,,,,,,,,,,,,,,,,,,,,,,,,,,,,,,,,,,,,,,,,,,,,,,,,,,,,,,,,,,,,,,,,,,,,,,,,,,,,,,,,,,,,
Dartmouth,DART,Big Green,I-FCS,Ivy,#00693E,#FFFFFF,FALSE,,,13,13,Independent,7,1,1,7,7,,,,,20,20,,,,,,,,,,,,,,,,,,,,,,,,,,,,,16,16,,,,,,,,,,,,,,,,,,,,,,,,,,,,,,,,,,,,,,,,,,,,,,,,,,,,,,,,,,,,,,,,,,,,,,,,,,,,,,,,,,,,,,,,,,,,,,,,,,,,,,,,,,,,,,,,,,,,,,,,,,,,,,,,,,,,,,,,,,,,,,,,,,,,,,,,,,,,,,,,,14,14,,,,,,,,,,,,,,,,,,,,,,,,,,,,,,,,,,,,,,,,,,,,,,,,,,,,,,,,,,,,,,,,,,,,,,,,,,,,,,,,,,,,,,,,,,,,,,,,,,,,,,,,,,,,,,,,,,,,,,,,,,,,,,,,,,,,,,,,,,,,,,,,,,,,,,,,,,,,,,,,,,,,,,,,,,,,,,,,,,,,,,,,,,,,,,,,,,,,,,,,,,,,,,,,,,,,,,,,,,,,,,,,,,,,,,,,,,,,,,,,,,,,,,,,,,,,,,,,
Del Monte Prflt,DMPF,,N/A,N/A,,,TRUE,,,,,,,,,,,,,,,,,,,,,,,,,,,,,,,,,,,,,,,,,,,,,8,8,,,,,,,,,,,,,,,,,,,,,,,,,,,,,,,,,,,,,,,,,,,,,,,,,,,,,,,,,,,,,,,,,,,,,,,,,,,,,,,,,,,,,,,,,,,,,,,,,,,,,,,,,,,,,,,,,,,,,,,,,,,,,,,,,,,,,,,,,,,,,,,,,,,,,,,,,,,,,,,,,,,,,,,,,,,,,,,,,,,,,,,,,,,,,,,,,,,,,,,,,,,,,,,,,,,,,,,,,,,,,,,,,,,,,,,,,,,,,,,,,,,,,,,,,,,,,,,,,,,,,,,,,,,,,,,,,,,,,,,,,,,,,,,,,,,,,,,,,,,,,,,,,,,,,,,,,,,,,,,,,,,,,,,,,,,,,,,,,,,,,,,,,,,,,,,,,,,,,,,,,,,,,,,,,,,,,,,,,,,,,,,,,,,,,,,,,,,,,,,,,,,,,,,,,,,,,,,,,,
Delaware,DEL,Fightin' Blue Hens,I-FCS,CAA,#4169E1,#FFFF00,FALSE,,,,,,,,,,,,,,,,,,,,,,,,,,,,,,,,,,,,,,,,,,,,,,,,,,,,,,,,,,,,,,,19,19,,,,,,,,,,,,,,,,,,,,,,,,,,,,,,,,,,,,,,,,,,,,,,,,,,,,,,,,,,,,,,,,,,,,,,,,,,,,,,,,,,,,,,,,,,,,,,,,,,,,,,,,,,,,,,,,,,,,,,,,,,,,,,,,,,,,,,,,,,,,,,,,,,,,,,,,,,,,,,,,,,,,,,,,,,,,,,,,,,,,,,,,,,,,,,,,,,,,,,,,,,,,,,,,,,,,,,,,,,,,,,,,,,,,,,,,,,,,,,,,,,,,,,,,,,,,,,,,,,,,,,,,,,,,,,,,,,,,,,,,,,,,,,,,,,,,,,,,,,,,,,,,,,,,,,,,,,,,,,,,,,,,,,,,,,,,,,,,,,,,,,,,,,,,,,,,,,,,,,,,,,,,,,,,,,,,,,,,,,,,,,,,,,,,,,,,,,,,,,,,
Duke,DUKE,Blue Devils,I-FBS,ACC,#001A57,#FFFFFF,FALSE,,,11,11,Southern,9,1,0,20,20,,,,,3,3,,,,,8,8,,,,,18,18,,,,,2,2,,,,,,,,,,,7,7,,,,,11,11,,,,,13,13,,,,,,,,,,,19,19,,,,,,,,,,,,,,,,,,,,,,,,,,,,,16,16,,,,,18,18,,,,,14,14,,,,,,,,,,,,,,,,,16,16,,,,,,,,,,,,,,,,,10,10,,,,,20,20,,,,,,,,,,,,,,,,,,,,,,,,,,,,,,,,,,,,,,,,,,,,,,,,,,,,,,,,,,,,,,,,,,,,,,,,,,,,,,,,,,,,,,,,,,,,,,,,,,,,,,,,,,,,,,,,,,,,,,,,,,,,,,,,,,,,,,,,,,,,,,,,,,,,,,,,,,,,,,,,,,,,,,,,,,,,,,,,,,,,,,,,,,,,,,,,,,,,,,,,,,,,,,,,,,,,,,,,,,,,,,,,,,,,,,,,,,,,,,,,,,,,,,,,,,,,,,,,,,,,,,,,,,,,,,,,,,,,,,,,,,,,,,,,,,,,,,,,,,,,,,,,,,,,,,
Duquesne,DUQ,Dukes,I-FCS,NEC,#CC0000,#00214D,FALSE,,,14,14,Independent,7,2,0,,,,,,,,,,,,,10,10,,,,,,,,,,,8,8,,,,,,,,,,,,,,,,,,,,,,,,,,,,,,,,,,,,,,,,,,,,,,,,,,,,,,,,,,,,,,,,,,,,,,,,,,,,,,,,,,,,,,,,,,,,,,,,,,,,,,,,,,,,,,,,,,,,,,,,,,,,,,,,,,,,,,,,,,,,,,,,,,,,,,,,,,,,,,,,,,,,,,,,,,,,,,,,,,,,,,,,,,,,,,,,,,,,,,,,,,,,,,,,,,,,,,,,,,,,,,,,,,,,,,,,,,,,,,,,,,,,,,,,,,,,,,,,,,,,,,,,,,,,,,,,,,,,,,,,,,,,,,,,,,,,,,,,,,,,,,,,,,,,,,,,,,,,,,,,,,,,,,,,,,,,,,,,,,,,,,,,,,,,,,,,,,,,,,,,,,,,,,,,,,,,,,,,,,,,,,,,,,,,,,,,,,,,,,,,,,,,,,,,,,,,,,,,,,,,,,,,,,,,,,
East Carolina,ECU,Pirates,I-FBS,C-USA,#592A8A,#FEC923,FALSE,,,,,,,,,,,,,,,,,,,,,,,,,,,,,,,,,,,,,,,,,,,,,,,,,,,,,,,,,,,,,,,,,,,,,,,,,,,,,,,,,,,,,,,,,,,,,,,,,,,,,,,,,,,,,,,,,,,,,,,,,,,,,,,,,,,,,,,,,,,,,,,,,,,,,,,,,,,,,,,,,,,,,,,,,,,,,,,,,,,,,,,,,,,,,,,,,,,,,,,,,,,,,,,,,,,,,,,,,,,,,,,,,,,,,,,,,,,,,,,,,,,,,,,,,,,,,,,,,,,,,,,,,,,,,,,,,,,,,,,,,,,,,20,20,,,,,,,,,,,,,,,,,,,,,,,,,,,,,,,,,,,,,,,,,,,,,,,9,9,,,,,,,,,,,,,,,,,,,,,,,,,,,,,,,,,,,,,,,,,,,,,,,,,,,,,,,,,,,,,,,,,,,,,,,,,,,,,,,,,,,,,,,,,,,,,,,,,,,,,,,,,,,,,,,,,,,,,,,,,,,,,,,,,,
El Toro Marines,ETM,,N/A,N/A,,,TRUE,,,,,,,,,,,,,,,,,,,,,,,,,,,,,,,,,,,,,,,,,,,,,,,,,,,16,16,,,,,,,,,,,,,,,,,,,,,,,,,,,,,,,,,,,,,,,,,,,,,,,,,,,,,,,,,,,,,,,,,,,,,,,,,,,,,,,,,,,,,,,,,,,,,,,,,,,,,,,,,,,,,,,,,,,,,,,,,,,,,,,,,,,,,,,,,,,,,,,,,,,,,,,,,,,,,,,,,,,,,,,,,,,,,,,,,,,,,,,,,,,,,,,,,,,,,,,,,,,,,,,,,,,,,,,,,,,,,,,,,,,,,,,,,,,,,,,,,,,,,,,,,,,,,,,,,,,,,,,,,,,,,,,,,,,,,,,,,,,,,,,,,,,,,,,,,,,,,,,,,,,,,,,,,,,,,,,,,,,,,,,,,,,,,,,,,,,,,,,,,,,,,,,,,,,,,,,,,,,,,,,,,,,,,,,,,,,,,,,,,,,,,,,,,,,,,,,,,,,,,,,,,,,,
Fordham,FORD,Rams,I-FCS,Patriot,#76032E,#FFFFFF,FALSE,,,15,15,Independent,5,1,2,3,3,,,,,15,15,,,,,17,17,,,,,12,12,,,,,6,6,,,,,,,,,,,,,,,,,,,,,,,,,,,,,,,,,,,,,,,,,,,,,,,,,,,,,,,,,,,,,,,,,,,,,,,,,,,,,,,,,,,,,,,,,,,,,,,,,,,,,,,,,,,,,,,,,,,,,,,,,,,,,,,,,,,,,,,,,,,,,,,,,,,,,,,,,,,,,,,,,,,,,,,,,,,,,,,,,,,,,,,,,,,,,,,,,,,,,,,,,,,,,,,,,,,,,,,,,,,,,,,,,,,,,,,,,,,,,,,,,,,,,,,,,,,,,,,,,,,,,,,,,,,,,,,,,,,,,,,,,,,,,,,,,,,,,,,,,,,,,,,,,,,,,,,,,,,,,,,,,,,,,,,,,,,,,,,,,,,,,,,,,,,,,,,,,,,,,,,,,,,,,,,,,,,,,,,,,,,,,,,,,,,,,,,,,,,,,,,,,,,,,,,,,,,,,,,,,,,,,,,,,,,,,,
Fort Pierce,FP,,N/A,N/A,,,TRUE,,,,,,,,,,,,,,,,,,,,,,,,,,,,,,,,,,,,,,,,,,,,,,,,,,,18,18,,,,,,,,,,,,,,,,,,,,,,,,,,,,,,,,,,,,,,,,,,,,,,,,,,,,,,,,,,,,,,,,,,,,,,,,,,,,,,,,,,,,,,,,,,,,,,,,,,,,,,,,,,,,,,,,,,,,,,,,,,,,,,,,,,,,,,,,,,,,,,,,,,,,,,,,,,,,,,,,,,,,,,,,,,,,,,,,,,,,,,,,,,,,,,,,,,,,,,,,,,,,,,,,,,,,,,,,,,,,,,,,,,,,,,,,,,,,,,,,,,,,,,,,,,,,,,,,,,,,,,,,,,,,,,,,,,,,,,,,,,,,,,,,,,,,,,,,,,,,,,,,,,,,,,,,,,,,,,,,,,,,,,,,,,,,,,,,,,,,,,,,,,,,,,,,,,,,,,,,,,,,,,,,,,,,,,,,,,,,,,,,,,,,,,,,,,,,,,,,,,,,,,,,,,,,
Fresno State,FRES,Bulldogs,I-FBS,MWC,#E31937,#00539B,FALSE,,,,,,,,,,,,,,,,,,,,,,,,,,,,,,,,,,,,,,,,,,,,,,,,,,,,,,,,,,,,,,,,,,,,,,,,,,,,,,,,,,,,,,,,,,,,,,,,,,,,,,,,,,,,,,,,,,,,,,,,,,,,,,,,,,,,,,,,,,,,,,,,,,,,,,,,,,,,,,,,,,,,,,,,,,,,,,,,,,,,,,,,,,,,,,,,,,,,,,,,,,,,,,,,,,,,,,,,,,,,,,,,,,,,,,,,,,,,,,,,,,,,,,,,,,,,,,,,,,,,,,,,,,,,,,,,,,,,,,,,,,,,,,,,,,,,,,,,,,,,,,,,,,,,,,,,,,,,,,,,,,,,,,,,,,,,,,,,,,,24,24,,,,,,,,,,,,,,,,,,,,,,,,,,,,,,,,,,,,,,,,,,,,,,,,,,,,,,,,,,,,,,,,,,,,,,,22,22,,,,,,,,,,,,,,,,,,,,,,,,,,,,,,,,,,,,,,,,,,,,,,,,,,,,
George Washington,GWU,Colonials,N/A,N/A,#EECFA1,#00285C,FALSE,,,,,,,,,,,,,,,,,,,,,,,,,,,,,,,,,,,,,,,,,,,,,,,,,,,,,,,,,,,,,,,,,,,,,,,,,,,,,,,,,,,,,,,,,,,,,,,,,,,,,,,,,,,,,,,,,,,,,,,,,,,17,17,,,,,,,,,,,,,,,,,,,,,,,,,,,,,,,,,,,,,,,,,,,,,,,,,,,,,,,,,,,,,,,,,,,,,,,,,,,,,,,,,,,,,,,,,,,,,,,,,,,,,,,,,,,,,,,,,,,,,,,,,,,,,,,,,,,,,,,,,,,,,,,,,,,,,,,,,,,,,,,,,,,,,,,,,,,,,,,,,,,,,,,,,,,,,,,,,,,,,,,,,,,,,,,,,,,,,,,,,,,,,,,,,,,,,,,,,,,,,,,,,,,,,,,,,,,,,,,,,,,,,,,,,,,,,,,,,,,,,,,,,,,,,,,,,,,,,,,,,,,,,,,,,,,,,,,,,,,,,,,,,,,,,,,,,,,,,,,,,,,,
Georgetown,GEO,Hoyas,I-FCS,Patriot,#002147,#8D817B,FALSE,,,,,,,,,,,,,,,,,,,,,,,,,,,13,13,,,,,,,,,,,,,,,,,,,,,,,,,,,,,,,,,,,,,,,,,,,,,,,,,,,,,,,,,,,,,,,,,,,,,,,,,,,,,,,,,,,,,,,,,,,,,,,,,,,,,,,,,,,,,,,,,,,,,,,,,,,,,,,,,,,,,,,,,,,,,,,,,,,,,,,,,,,,,,,,,,,,,,,,,,,,,,,,,,,,,,,,,,,,,,,,,,,,,,,,,,,,,,,,,,,,,,,,,,,,,,,,,,,,,,,,,,,,,,,,,,,,,,,,,,,,,,,,,,,,,,,,,,,,,,,,,,,,,,,,,,,,,,,,,,,,,,,,,,,,,,,,,,,,,,,,,,,,,,,,,,,,,,,,,,,,,,,,,,,,,,,,,,,,,,,,,,,,,,,,,,,,,,,,,,,,,,,,,,,,,,,,,,,,,,,,,,,,,,,,,,,,,,,,,,,,,,,,,,,,,,,,,,,,,,,,,,,,
Georgia Tech,GT,Yellow Jackets,I-FBS,ACC,#C59353,#FFFFFF,FALSE,,,,,,,,,,,,,,,,,,,,,16,16,,,,,,,,,,,,,,,,,5,5,,,,,13,13,,,,,13,13,,,,,,,,,,,11,11,,,,,10,10,,,,,,,,,,,,,,,,,,,,,,,5,5,,,,,2,2,,,,,8,8,,,,,,,,,,,7,7,,,,,4,4,,,,,,,,,,,,,,,,,,,,,,,,,,,,,13,13,,,,,,,,,,,,,,,,,,,,,,,,,,,,,8,8,,,,,,,,,,,,,,,,,,,,,,,13,13,,,,,,,,,,,20,20,,,,,,,,,,,,,,,,,,,,,,,,,,,,,,,,,,,,,,,,,,,,,,,,,,,,,,,,,,,,,,,,,,,,,,,,,,,,,19,19,,,,,,,,,,,,,,,,,,,,,,,,,,,,,2,2,,,,,,,,,,,,,,,,,,,,,,,,,,,,,,,,,,,,,,,,,25,25,,,,,9,9,,,,,20,20,,,,,17,17,,,,,24,24,,,,,,,,,,,,,,,,,,,,,,,,,,,,,,,,,,,,,,,,,22,22,,,,,13,13,,,,,,,,,,,,,,,,,,,,,,
Great Lakes NTS,GNTS,,N/A,N/A,,,TRUE,,,,,,,,,,,,,,,,,,,,,,,,,,,,,,,,,,,,,,,,,,,,,6,6,,,,,17,17,,,,,,,,,,,,,,,,,,,,,,,,,,,,,,,,,,,,,,,,,,,,,,,,,,,,,,,,,,,,,,,,,,,,,,,,,,,,,,,,,,,,,,,,,,,,,,,,,,,,,,,,,,,,,,,,,,,,,,,,,,,,,,,,,,,,,,,,,,,,,,,,,,,,,,,,,,,,,,,,,,,,,,,,,,,,,,,,,,,,,,,,,,,,,,,,,,,,,,,,,,,,,,,,,,,,,,,,,,,,,,,,,,,,,,,,,,,,,,,,,,,,,,,,,,,,,,,,,,,,,,,,,,,,,,,,,,,,,,,,,,,,,,,,,,,,,,,,,,,,,,,,,,,,,,,,,,,,,,,,,,,,,,,,,,,,,,,,,,,,,,,,,,,,,,,,,,,,,,,,,,,,,,,,,,,,,,,,,,,,,,,,,,,,,,,,,,,,,,,,,,,,,,,,,,,,
Hardin-Simmons,H-S,Cowboys,III,ASC,#AA00FF,#FFCC00,FALSE,,,,,,,,,,,,,,,,,,,,,,,,,,,17,17,,,,,,,,,,,,,,,,,,,,,,,,,,,,,,,,,,,,,,,,,,,,,,,,,,,,,,,,,,,,,,,,,,,,,,,,,,,,,,,,,,,,,,,,,,,,,,,,,,,,,,,,,,,,,,,,,,,,,,,,,,,,,,,,,,,,,,,,,,,,,,,,,,,,,,,,,,,,,,,,,,,,,,,,,,,,,,,,,,,,,,,,,,,,,,,,,,,,,,,,,,,,,,,,,,,,,,,,,,,,,,,,,,,,,,,,,,,,,,,,,,,,,,,,,,,,,,,,,,,,,,,,,,,,,,,,,,,,,,,,,,,,,,,,,,,,,,,,,,,,,,,,,,,,,,,,,,,,,,,,,,,,,,,,,,,,,,,,,,,,,,,,,,,,,,,,,,,,,,,,,,,,,,,,,,,,,,,,,,,,,,,,,,,,,,,,,,,,,,,,,,,,,,,,,,,,,,,,,,,,,,,,,,,,,,,,,,,,
Hawaii,UH,Rainbow Warriors,I-FBS,MWC,#000000,#024731,FALSE,,,,,,,,,,,,,,,,,,,,,,,,,,,,,,,,,,,,,,,,,,,,,,,,,,,,,,,,,,,,,,,,,,,,,,,,,,,,,,,,,,,,,,,,,,,,,,,,,,,,,,,,,,,,,,,,,,,,,,,,,,,,,,,,,,,,,,,,,,,,,,,,,,,,,,,,,,,,,,,,,,,,,,,,,,,,,,,,,,,,,,,,,,,,,,,,,,,,,,,,,,,,,,,,,,,,,,,,,,,,,,,,,,,,,,,,,,,,,,,,,,,,,,,,,,,,,,,,,,,,,,,,,,,,,,,,,,,,,,,,,,,,,,,,,,,,,,,,,,,,,,,,,,,,,,,,,,,,,,,,,,,,,,,,,,,,,,,,,,,20,20,,,,,,,,,,,,,,,,,,,,,,,,,,,,,,,,,,,,,,,,,,,,,,,,,,,,,,,,,,,,,,,,,,,,,,,,,,,,,,,,,,,,,,,,,19,19,,,,,,,,,,,,,,,,,,,,,,,,,,,,,,,,,,
Holy Cross,HC,Crusaders,I-FCS,Patriot,#660066,#C0C0C0,FALSE,,,,,,,,,14,15,,,,,9,9,,,,,,,,,,,,,,,,,,,,,,,19,19,,,,,,,,,,,,,,,,,16,16,,,,,,,,,,,,,,,,,,,,,,,,,,,,,,,,,,,19,19,,,,,,,,,,,,,,,,,,,,,,,,,,,,,,,,,,,,,,,,,,,,,,,,,,,,,,,,,,,,,,,,,,,,,,,,,,,,,,,,,,,,,,,,,,,,,,,,,,,,,,,,,,,,,,,,,,,,,,,,,,,,,,,,,,,,,,,,,,,,,,,,,,,,,,,,,,,,,,,,,,,,,,,,,,,,,,,,,,,,,,,,,,,,,,,,,,,,,,,,,,,,,,,,,,,,,,,,,,,,,,,,,,,,,,,,,,,,,,,,,,,,,,,,,,,,,,,,,,,,,,,,,,,,,,,,,,,,,,,,,,,,,,,,,,,,,,,,,,,,,,,,,,,,,,,,,,,,,,,,,,,,,,,,,,,,,,,,,,,,,,,,,,,,,,,,,,,,,,,,,,,,,,,,,,
Houston,HOU,Cougars,I-FBS,AAC,#CC0000,#FFFFFF,FALSE,,,,,,,,,,,,,,,,,,,,,,,,,,,,,,,,,,,,,,,,,,,,,,,,,,,,,,,,,,,,,,,,,,,,,,,,,,,,,,,,,,,,,,,,,,,,,,,,,,,,,,,,,,,,,,,,,,,,,,,,,,,,,,,,,,,,,,,,,,,,,,,,,,,,,,,,,,,,,,,,,,,,,,,,,,,,,,,,,,,,,,,,,,,,,,,,,,,18,18,,,,,12,12,,,,,19,19,,,,,17,17,,,,,,,,,,,9,10,,,,,19,19,,,,,,,,,,,4,4,,,,,,,,,,,10,10,,,,,5,5,,,,,,,,,,,,,,,,,,,,,,,,,,,,,,,,,,,,,,,,,,,,,,,,,,,,,18,18,,,,,14,14,,,,,10,10,,,,,,,,,,,,,,,,,,,,,,,,,,,,,,,,,,,,,,,,,,,,,,,,,,,,,,,,,,,,,,,,,,,,,,,,,,,,,,,,,,,,,,,,,,,,,,,,,,,,,,,,,,,,,,,,,,,,,,,,,,,,,18,18,C-USA,13,1,,,,,,,
Illinois,UI,Fighting Illini,I-FBS,Big Ten,#FF6600,#003C7D,FALSE,,,,,,,,,,,,,,,,,,,,,,,,,,,,,,,,,,,,,,,,,,,,,,,,,,,15,15,,,,,,,,,,,5,5,,,,,,,,,,,,,,,,,,,,,,,13,13,,,,,4,4,,,,,,,,,,,7,7,,,,,,,,,,,,,,,,,,,,,,,,,,,,,,,,,,,13,13,,,,,,,,,,,,,,,,,,,,,,,3,3,,,,,,,,,,,,,,,,,,,,,,,,,,,,,,,,,,,,,,,,,,,,,,,,,,,,,,,,,,,,,,,,,,,,,,,,,,,,,,,,,,,,,,,,,,,,,,,,,,,,,,,,,,,,,,,,,,,,,,,10,10,,,,,,,,,,,,,,,,,,,,,,,,,,,,,,,,,,,10,10,,,,,25,25,,,,,,,,,,,,,,,,,,,,,,,,,,,,,,,,,,,,,,,,,,,,,,,,,,,,,24,24,,,,,,,,,,,12,12,,,,,,,,,,,,,,,,,,,,,,,,,,,,,,,,,,,20,20,,,,,,,,,,,,,,,,,,,,,,,,,,,,,,,,,,
Indiana,IU,Hoosiers,I-FBS,Big Ten,#990000,#FFFFCC,FALSE,,,,,,,,,,,,,,,,,,,,,,,,,,,,,,,,,,,,,,,,,,,,,,,,,,,,,,,,,4,4,,,,,20,20,,,,,,,,,,,,,,,,,,,,,,,,,,,,,,,,,,,,,,,,,,,,,,,,,,,,,,,,,,,,,,,,,,,,,,,,,,,,,,,,,,,,,,,,,,,,,,,,,,,,,,,,,,,,,,,,,,,,,,,,,,,,,4,4,,,,,,,,,,,,,,,,,,,,,,,,,,,,,,,,,,,,,,,,,,,,,,,,,,,,,,,,,,,,,,,,,,,,,,,19,19,,,,,,,,,,,,,,,,,,,,,,,,,,,,,,,,,,,,,,,,,,,,,,,,,,,,,20,20,,,,,,,,,,,,,,,,,,,,,,,,,,,,,,,,,,,,,,,,,,,,,,,,,,,,,,,,,,,,,,,,,,,,,,,,,,,,,,,,,,,,,,,,,,,,,,,,,,,,,,,,,,,,,,,,,,,,,,,,,,,,,,,,,,,,,,,,,,,,,,,,,,,,
Iowa,IOWA,Hawkeyes,I-FBS,Big Ten,#000000,#FFD700,FALSE,,,,,,,,,,,,,,,,,,,,,9,9,,,,,,,,,,,,,,,,,,,,,,,,,,,,,,,,,,,,,,,,,,,,,,,,,,,,,,,,,,,,,,,,,,,,,,,,,,,,,,,,,,,9,9,,,,,,,,,,,,,,,,,3,3,,,,,6,6,,,,,2,2,,,,,,,,,,,3,3,,,,,,,,,,,,,,,,,,,,,,,,,,,,,,,,,,,,,,,,,,,,,,,,,,,,,,,,,,,,,,,,,,,,,,,,,,,,,,,,,,,,,,,,,,,,,,,,,,,,,,,,,,,,,,,,,,,,,,,,,,,,,18,18,,,,,,,,,,,14,14,,,,,16,16,,,,,10,10,,,,,16,16,,,,,16,16,,,,,,,,,,,,,,,,,18,18,,,,,10,10,,,,,,,,,,,,,,,,,,,,,,,25,25,,,,,18,18,,,,,,,,,,,,,,,,,,,,,,,,,,,,,,,,,,,8,8,,,,,8,8,,,,,8,8,,,,,,,,,,,,,,,,,,,,,,,20,20,,,,,7,7,,,,,,,,,,,,,,,,,,,,,,
Iowa Preflight,IPF,,N/A,N/A,,,TRUE,,,,,,,,,,,,,,,,,,,,,,,,,,,,,,,,,,,,,,,,,,,,,2,2,,,,,6,6,,,,,,,,,,,,,,,,,,,,,,,,,,,,,,,,,,,,,,,,,,,,,,,,,,,,,,,,,,,,,,,,,,,,,,,,,,,,,,,,,,,,,,,,,,,,,,,,,,,,,,,,,,,,,,,,,,,,,,,,,,,,,,,,,,,,,,,,,,,,,,,,,,,,,,,,,,,,,,,,,,,,,,,,,,,,,,,,,,,,,,,,,,,,,,,,,,,,,,,,,,,,,,,,,,,,,,,,,,,,,,,,,,,,,,,,,,,,,,,,,,,,,,,,,,,,,,,,,,,,,,,,,,,,,,,,,,,,,,,,,,,,,,,,,,,,,,,,,,,,,,,,,,,,,,,,,,,,,,,,,,,,,,,,,,,,,,,,,,,,,,,,,,,,,,,,,,,,,,,,,,,,,,,,,,,,,,,,,,,,,,,,,,,,,,,,,,,,,,,,,,,,,,,,,,,,
Iowa State,ISU,Cyclones,I-FBS,Big 12,#A71930,#FDC82F,FALSE,,,,,,,,,,,,,,,,,,,,,,,,,,,,,,,,,,,,,,,,,,,,,,,,,,,,,,,,,,,,,,,,,,,,,,,,,,,,,,,,,,,,,,,,,,,,,,,,,,,,,,,,,,,,,,,,,,,,,,,,,,,,,,,,,,,,,,,,,,,,,,,,,,,,,,,,,,,,,,,,,,,,,,,,,,,,,,,,,,,,,,,,,,,,,,,,,,,,,,,,,,,,,,,,,,,,,,,,,,,,,,,,,,,,,,,,,,,,,,,,,,,19,19,,,,,,,,,,,,,,,,,,,,,,,,,,,,,,,,,,,,,,,,,,,,,,,,,,,,,,,,,,,,,,,,,,,,,,,,,,,,,,,,,,,,,,,,,,,,,,,,,,,,,,,,,,,,,,,,,,,,,,,,,,,,,,,,,,,,,,,,,,,,,,,25,25,,,,,,,,,,,,,,,,,,,,,,,,,,,,,,,,,,,,,,,,,,,,,,,,,,,,,,,,,,,,,,,,,,,,,,,,,,,,
Kansas,KU,Jayhawks,I-FBS,Big 12,#0049AE,#E31736,FALSE,,,,,,,,,,,,,,,,,,,,,,,,,,,,,,,,,,,,,,,,,,,,,,,,,,,,,,,,,,,,,,,,,,,,,12,12,,,,,,,,,,,,,,,,,,,,,,,,,,,,,,,,,,,,,,,,,,,,,,,,,,,,,,,,,,,,,,,,,,,,,,,,,,,,,11,11,,,,,,,,,,,,,,,,,,,,,,,,,,,,,,,,,,,,,,,,,,,,,,,7,7,,,,,,,,,,,,,,,,,,,,,,,,,,,,,18,18,,,,,,,,,,,,,,,,,,,,,,,,,,,,,,,,,,,,,,,,,,,,,,,,,,,,,,,,,,,,,,,,,,,,,,,,,,,,,,,,,,,,,,,,,,,,,,,,,,,,,,,,,,,,,,,,,22,22,,,,,,,,,,,,,,,,,9,9,,,,,,,,,,,,,,,,,,,,,,,,,,,,,,,,,,,,,,,,,,,,,,,,,,,,,,,,,,,,,,,,,,,,,,,7,7,,,,,,,,,,,,,,,,,,,,,,,,,,,,,,,,,,
Kentucky,UK,Wildcats,I-FBS,SEC,#005DAA,#FFFFFF,FALSE,,,,,,,,,,,,,,,,,,,,,,,,,,,,,,,,,,,,,,,,,,,,,,,,,,,,,,,,,,,,,,,,,,,,,,,,,,,,,,,,,11,11,,,,,7,7,,,,,15,15,,,,,20,20,,,,,16,16,,,,,,,,,,,,,,,,,,,,,,,,,,,,,,,,,,,,,,,,,,,,,,,,,,,,,,,,,,,,,,,,,,,,,,,,,,,,,,,,,,,,,,,,,,,,,,,,,,,,,,,,,,,,,,,,,,,,,,,,,,,,,,,,,,,,,,,,,18,18,,,,,6,6,,,,,,,,,,,,,,,,,,,,,,,,,,,,,,,,,,,,,,,,,19,19,,,,,,,,,,,,,,,,,,,,,,,,,,,,,,,,,,,,,,,,,,,,,,,,,,,,,,,,,,,,,,,,,,,,,,,,,,,,,,,,,,,,,,,,,,,,,,,,,,,,,,,,,,,,,,,,,,,,,,,,,,,,,,,,,,,,,,,,,,,,,,,,,,,,,,,,,,,,,,,,,,,,,,,,,,,,
Lafayette,LAF,Leopards,I-FCS,Patriot,#800000,#FFFFFF,FALSE,,,,,,,,,,,,,,,,,,,,,,,,,,,19,19,,,,,,,,,,,,,,,,,,,,,,,,,,,,,,,,,,,,,,,,,,,,,,,,,,,,,,,,,,,,,,,,,,,,,,,,,,,,,,,,,,,,,,,,,,,,,,,,,,,,,,,,,,,,,,,,,,,,,,,,,,,,,,,,,,,,,,,,,,,,,,,,,,,,,,,,,,,,,,,,,,,,,,,,,,,,,,,,,,,,,,,,,,,,,,,,,,,,,,,,,,,,,,,,,,,,,,,,,,,,,,,,,,,,,,,,,,,,,,,,,,,,,,,,,,,,,,,,,,,,,,,,,,,,,,,,,,,,,,,,,,,,,,,,,,,,,,,,,,,,,,,,,,,,,,,,,,,,,,,,,,,,,,,,,,,,,,,,,,,,,,,,,,,,,,,,,,,,,,,,,,,,,,,,,,,,,,,,,,,,,,,,,,,,,,,,,,,,,,,,,,,,,,,,,,,,,,,,,,,,,,,,,,,,,,,,,,,,
March Field,MF,,N/A,N/A,,,TRUE,,,,,,,,,,,,,,,,,,,,,,,,,,,,,,,,,,,,,,,,,,,,,10,10,,,,,10,10,,,,,,,,,,,,,,,,,,,,,,,,,,,,,,,,,,,,,,,,,,,,,,,,,,,,,,,,,,,,,,,,,,,,,,,,,,,,,,,,,,,,,,,,,,,,,,,,,,,,,,,,,,,,,,,,,,,,,,,,,,,,,,,,,,,,,,,,,,,,,,,,,,,,,,,,,,,,,,,,,,,,,,,,,,,,,,,,,,,,,,,,,,,,,,,,,,,,,,,,,,,,,,,,,,,,,,,,,,,,,,,,,,,,,,,,,,,,,,,,,,,,,,,,,,,,,,,,,,,,,,,,,,,,,,,,,,,,,,,,,,,,,,,,,,,,,,,,,,,,,,,,,,,,,,,,,,,,,,,,,,,,,,,,,,,,,,,,,,,,,,,,,,,,,,,,,,,,,,,,,,,,,,,,,,,,,,,,,,,,,,,,,,,,,,,,,,,,,,,,,,,,,,,,,,,,
Marquette,MARQ,Golden Eagles,N/A,N/A,#00386D,#FDBB30,FALSE,,,20,20,Independent,7,1,0,,,,,,,,,,,,,,,,,,,,,,,,,,,,,,,,,,,,,,,,,,,,,,,,,,,,,,,,,,,,,,,,,,,,,,,,,,,,,,,,,,,,,,,,,,,,,,,,,,,,,,,,,,,,,,,,,,,,,,,,,,,,,,,,,,,,,,,,,,,,,,,,,,,,,,,,,,,,,,,,,,,,,,,,,,,,,,,,,,,,,,,,,,,,,,,,,,,,,,,,,,,,,,,,,,,,,,,,,,,,,,,,,,,,,,,,,,,,,,,,,,,,,,,,,,,,,,,,,,,,,,,,,,,,,,,,,,,,,,,,,,,,,,,,,,,,,,,,,,,,,,,,,,,,,,,,,,,,,,,,,,,,,,,,,,,,,,,,,,,,,,,,,,,,,,,,,,,,,,,,,,,,,,,,,,,,,,,,,,,,,,,,,,,,,,,,,,,,,,,,,,,,,,,,,,,,,,,,,,,,,,,,,,,,,,,,,,,,,,,,,,,,,,,,,,,,,,,,
Marshall,MARS,Thundering Herd,I-FBS,C-USA,#009B48,#FFFFFF,FALSE,,,,,,,,,,,,,,,,,,,,,,,,,,,,,,,,,,,,,,,,,,,,,,,,,,,,,,,,,,,,,,,,,,,,,,,,,,,,,,,,,,,,,,,,,,,,,,,,,,,,,,,,,,,,,,,,,,,,,,,,,,,,,,,,,,,,,,,,,,,,,,,,,,,,,,,,,,,,,,,,,,,,,,,,,,,,,,,,,,,,,,,,,,,,,,,,,,,,,,,,,,,,,,,,,,,,,,,,,,,,,,,,,,,,,,,,,,,,,,,,,,,,,,,,,,,,,,,,,,,,,,,,,,,,,,,,,,,,,,,,,,,,,,,,,,,,,,,,,,,,,,,,,,,,,,,,,,,,,,,,,,,,,,,,,,,,,,,,,,,,,,,,,,,,,,,,,,,,,,,,,,,,,,,,,,,,,,,,,,,,,10,10,,,,,,,,,,,,,,,,,24,24,,,,,,,,,,,,,,,,,,,,,,,,,,,,,,,,,,,,,,,,,,,,,,,,,,,,,,,,,,,,,,,,
Maryland,UMD,Terrapins,I-FBS,ACC,#CE1126,#FCD116,FALSE,,,,,,,,,,,,,,,,,,,,,,,,,,,,,,,,,,,,,,,,,,,,,,,,,,,,,,,,,,,,,,,,,,,,,,,,,,,,,,,,,14,14,,,,,,,,,,,3,3,,,,,13,13,,,,,1,1,,,,,8,8,,,,,3,3,,,,,,,,,,,,,,,,,,,,,,,,,,,,,,,,,,,,,,,,,,,,,,,,,,,,,,,,,,,,,,,,,,,,,,,,,,,,,,,,,,,,,,,,,,,,,,,,,,,,,,,,,,,20,20,,,,,13,13,,,,,13,13,,,,,8,8,,,,,,,,,,,20,20,,,,,,,,,,,,,,,,,,,,,,,20,20,,,,,,,,,,,12,12,,,,,18,18,,,,,,,,,,,,,,,,,,,,,,,,,,,,,,,,,,,,,,,,,,,,,,,,,,,,,,,,,,,,,,,,,,,,,,,,,,,,,,,,,,,,,,,,,,,,,,,11,11,,,,,13,13,,,,,17,17,,,,,,,,,,,,,,,,,,,,,,,,,,,,,,,,,,,,,,,,,23,23,ACC,9,4,,,,,,,,,,,,,
Miami (Fla),MIA,Hurricanes,I-FBS,ACC,#005030,#F47321,FALSE,,,,,,,,,,,,,,,,,,,,,,,,,,,,,,,,,,,,,,,,,,,,,,,,,,,,,,,,,,,,,,,,,,,,,,,,,,,,,,,,,,,,,,,15,15,,,,,,,,,,,,,,,,,,,,,,,11,11,,,,,14,14,,,,,6,6,,,,,,,,,,,,,,,,,,,,,,,,,,,,,,,,,,,,,,,,,,,,,,,,,,,,,,,,,,,9,9,,,,,,,,,,,,,,,,,,,,,,,,,,,,,,,,,,,,,,,,,,,,,,,,,,,,,,,,,,,,,,,,,,,,,,,,,,,,,,,,,,,18,18,,,,,8,8,,,,,,,,,,,1,1,,,,,18,18,,,,,9,9,,,,,2,2,,,,,1,1,,,,,2,2,,,,,1,1,,,,,3,3,,,,,1,1,,,,,3,3,,,,,15,15,,,,,6,6,,,,,20,20,,,,,14,14,,,,,,,,,,,20,20,,,,,15,15,,,,,2,2,,,,,1,1,,,,,2,2,,,,,5,5,,,,,11,11,,,,,17,17,,,,,,,,,,,,,,,,,,,,,,,19,19,,,,,,,,,,,,,,,,,,,,,,
Miami (Ohio),M-OH,RedHawks,I-FBS,MAC,#CE1126,#FFFFFF,FALSE,,,,,,,,,,,,,,,,,,,,,,,,,,,,,,,,,,,,,,,,,,,,,,,,,,,,,,,,,,,,,,,,,,,,,,,,,,,,,,,,,,,,,,,,,,,,,,,,,,,,,,,,,,,,,,,,,,,,,15,15,,,,,,,,,,,,,,,,,,,,,,,,,,,,,,,,,,,,,,,,,,,,,,,,,,,,,,,,,,,,,,,,,,,,,,,,,,,,,,,,,,,,,,,,,,,,,,,,,,,,,,,,,,,15,15,,,,,10,10,,,,,12,12,,,,,,,,,,,,,,,,,,,,,,,,,,,,,,,,,,,,,,,,,,,,,,,,,,,,,,,,,,,,,,,,,,,,,,,,,,,,,,,,,,,,,,,,,,,,,,,,,,,,,,,,,,,,,,,,,,,,,,,,,,,,,,,,,,,,,,,,,,,,,,,,,,,,,,,,,,,,,,,,,,,,,,,10,10,,,,,,,,,,,,,,,,,,,,,,,,,,,,,,,,,,,,,,,,,,,,,,,,,,,,,,,,,,
Michigan State,MSU,Spartans,I-FBS,Big Ten,#18453B,#FFFFFF,FALSE,,,,,,,,,,,,,,,,,,,,,,,,,,,,,,,,,,,,,,,,,,,,,,,,,,,,,,,,,,,,,,,,,,,,,,,,,,,14,14,,,,,19,19,,,,,8,8,,,,,2,2,,,,,1,1,,,,,3,3,,,,,,,,,,,2,2,,,,,9,9,,,,,3,3,,,,,,,,,,,,,,,,,15,15,,,,,8,8,,,,,,,,,,,10,10,,,,,,,,,,,2,2,,,,,2,2,,,,,,,,,,,,,,,,,,,,,,,,,,,,,,,,,,,,,,,,,,,,,,,12,12,,,,,,,,,,,,,,,,,,,,,,,12,12,,,,,,,,,,,,,,,,,,,,,,,,,,,,,,,,,,,,,,,,,,,,,,,,,,,,,8,8,,,,,,,,,,,16,16,,,,,16,16,,,,,,,,,,,,,,,,,,,,,,,,,,,,,,,,,,,,,,,,,,,,,,,,,,,,,7,7,,,,,,,,,,,,,,,,,,,,,,,,,,,,,,,,,,,,,,,,,,,,,,,,,,,,,24,24,,,,,,,,,,,14,14,Big Ten,11,2,,11,11,Big Ten,11,3,,,,,,,
Minnesota,MINN,Golden Gophers,I-FBS,Big Ten,#800000,#FDB62F,FALSE,,,1,1,Big Ten,7,1,0,5,5,,,,,10,10,,,,,,,,,,,1,1,,,,,1,1,,,,,19,20,,,,,,,,,,,,,,,,,,,,,,,,,,,,,,,,,,,16,16,,,,,8,8,,,,,,,,,,,,,,,,,,,,,,,,,,,,,,,,,,,,,,,,,12,12,,,,,,,,,,,,,,,,,,,,,,,1,1,,,,,6,6,,,,,10,10,,,,,,,,,,,,,,,,,,,,,,,,,,,,,,,,,,,,,,,,,,,,,,,,,,,,,,,,,,,,,,,,,,,,,,,,,,,,,,,,,,,,,,,,,,,,,,,,,,,,,,,,,,,,,,,,,,,,,,,,,,,,,,,,,,,,,,,,,,,,,,,,,,,,,,,,,,,,,,,,,,,,,,,,,,,,,,,,,,,,,,,,,,,,,,,,,,,,,,,,,,,,,,,,,,,,,,,,,,,,,18,18,,,,,,,,,,,,,,,,,,,,,,,20,20,,,,,,,,,,,,,,,,,,,,,,,,,,,,,,,,,,,,,,,,,,,,,,,,,,,,,,,,,,
Mississippi,OLE,Rebels,I-FBS,SEC,#CC0204,#DC143C,FALSE,,,,,,,,,,,,,,,,,,,,,,,,,,,,,,,,,17,17,,,,,,,,,,,,,,,,,,,,,,,,,,,,,,,,,,,13,13,,,,,15,15,,,,,,,,,,,,,,,,,,,,,,,7,7,,,,,,,,,,,6,6,,,,,10,10,,,,,,,,,,,7,7,,,,,11,11,,,,,2,2,,,,,2,2,,,,,5,5,,,,,3,3,,,,,7,7,,,,,,,,,,,,,,,,,,,,,,,,,,,,,,,,,,,8,8,,,,,20,20,,,,,15,15,,,,,,,,,,,,,,,,,,,,,,,,,,,,,,,,,,,,,,,,,,,,,,,,,,,,,,,,,,,,,,,,,,,,,,,,,,,,,,,,,,,,,,,,,,,,,,,,,,,,,,,,,,,,,,,,,21,21,,,,,,,,,,,16,16,,,,,,,,,,,,,,,,,,,,,,,,,,,,,22,22,,,,,,,,,,,22,22,,,,,,,,,,,,,,,,,,,,,,,13,13,,,,,,,,,,,,,,,,,,,,,,,,,,,,,14,14,,,,,20,20,,,,,,,,,,,,,,,,,,,,,,
Mississippi State,MSST,Bulldogs,I-FBS,SEC,#800000,#FFFFFF,FALSE,,,,,,,,,,,,,,,,,,,,,,,,,,,9,9,,,,,16,16,,,,,18,18,,,,,,,,,,,,,,,,,,,,,,,,,,,,,,,,,,,,,,,,,,,,,,,,,,,,,,,,,,,,,,,,,,,,,,,,,,,,,,,,,,,,,,,,,14,14,,,,,,,,,,,,,,,,,,,,,,,,,,,,,,,,,,,,,,,,,,,,,,,,,,,,,,,,,,,,,,,,,,,,,,,,,,,,,,,,,,,,,,,,,,,,,,,,,,,,,17,17,,,,,,,,,,,20,20,,,,,,,,,,,,,,,,,,,,,,,19,19,,,,,,,,,,,,,,,,,,,,,,,,,,,,,,,,,,,,,,,,,,,,,,,,,,,,,,,,,,,,,,,,,,,,,,,23,23,,,,,,,,,,,24,24,,,,,,,,,,,,,,,,,,,,,,,,,,,,,13,13,,,,,24,24,,,,,,,,,,,,,,,,,,,,,,,,,,,,,,,,,,,,,,,,,,,,,,,,,,,,,,,,,,,15,15,SEC,9,4,,,,,,,,,,,,,
Missouri,MZZU,Tigers,I-FBS,SEC,#000000,#F1B82D,FALSE,,,,,,,,,,,,,,,,,,,,,6,6,,,,,,,,,,,7,7,,,,,,,,,,,,,,,,,,,,,,,,,,,,,,,,,,,,,,,,,,,,,,,20,21,,,,,,,,,,,,,,,,,,,,,,,,,,,,,,,,,,,,,,,,,,,,,,,,,,,,,,,,,,,18,18,,,,,5,5,,,,,11,11,,,,,,,,,,,,,,,,,,,,,,,6,6,,,,,,,,,,,,,,,,,9,9,,,,,6,6,,,,,,,,,,,,,,,,,,,,,,,17,17,,,,,,,,,,,,,,,,,,,,,,,,,,,,,15,15,,,,,,,,,,,,,,,,,19,19,,,,,,,,,,,,,,,,,,,,,,,,,,,,,,,,,,,,,,,,,,,,,,,,,,,,,,,,,,,,,,,,,,,,,,,,,,,,,,,,,,,,,,,,,,,,,,,23,23,,,,,21,21,,,,,,,,,,,,,,,,,,,,,,,,,,,,,,,,,,,,,,,,,,,,,,,,,,,,,4,4,,,,,19,19,,,,,,,,,,,18,18,Big 12,10,3,,,,,,,,,,,,,
Navy,NAVY,Midshipmen,I-FBS,Independent,#000080,#D4AF37,FALSE,,,18,19,Independent,6,3,0,,,,,,,,,,,,,,,,,,,,,,,,,10,10,,,,,,,,,,,4,4,,,,,4,4,,,,,3,3,,,,,,,,,,,,,,,,,,,,,,,,,,,,,,,,,,,,,,,,,,,,,,,,,,,,,5,5,,,,,18,18,,,,,16,16,,,,,5,5,,,,,,,,,,,,,,,,,4,4,,,,,,,,,,,,,,,,,2,2,,,,,,,,,,,,,,,,,,,,,,,,,,,,,,,,,,,,,,,,,,,,,,,,,,,,,,,,,,,,,,,,,,,,,,,,,,,,,,,,,,,,,,,,,,,,,,,,,,,,,,,,,,,,,,,,,,,,,,,,,,,,,,,,,,,,,,,,,,,,,,,,,,,,,,,,,,,,,,,,,,,,,,,,,,,,,,,,,,,,,,,,,,,,,,,,,,,,,,,,,,,,,,,,,,,,,,,,,,,,,,,,,,,,,,,,,,,,,,,,,,,,,24,24,,,,,,,,,,,,,,,,,,,,,,,,,,,,,,,,,,,,,,,,,,,,,,,,,,,,
Nevada,NEV,Wolf Pack,I-FBS,MWC,#003366,#999999,FALSE,,,,,,,,,,,,,,,,,,,,,,,,,,,,,,,,,,,,,,,,,,,,,,,,,,,,,,,,,,,,,,,,,,,,,,,,,,,,,,,,,,,,,,,,,,,,,,,,,,,,,,,,,,,,,,,,,,,,,,,,,,,,,,,,,,,,,,,,,,,,,,,,,,,,,,,,,,,,,,,,,,,,,,,,,,,,,,,,,,,,,,,,,,,,,,,,,,,,,,,,,,,,,,,,,,,,,,,,,,,,,,,,,,,,,,,,,,,,,,,,,,,,,,,,,,,,,,,,,,,,,,,,,,,,,,,,,,,,,,,,,,,,,,,,,,,,,,,,,,,,,,,,,,,,,,,,,,,,,,,,,,,,,,,,,,,,,,,,,,,,,,,,,,,,,,,,,,,,,,,,,,,,,,,,,,,,,,,,,,,,,,,,,,,,,,,,,,,,,,,,,,,,,,,,,,,,,,,,,,,,,,,,,,,,,,,,,,,,,,,,,,,,,,,11,11,WAC,13,1,,,,,,,,,,,,,
New Mexico State,NMST,Aggies,I-FBS,Independent,#660000,#FFFFFF,FALSE,,,,,,,,,,,,,,,,,,,,,,,,,,,,,,,,,,,,,,,,,,,,,,,,,,,,,,,,,,,,,,,,,,,,,,,,,,,,,,,,,,,,,,,,,,,,,,,,,,,,,,,,,,,,,,,,,,,,,,,,,,,,,,,,,,,,,,,,,,,,,,,,,,,17,17,,,,,,,,,,,,,,,,,,,,,,,,,,,,,,,,,,,,,,,,,,,,,,,,,,,,,,,,,,,,,,,,,,,,,,,,,,,,,,,,,,,,,,,,,,,,,,,,,,,,,,,,,,,,,,,,,,,,,,,,,,,,,,,,,,,,,,,,,,,,,,,,,,,,,,,,,,,,,,,,,,,,,,,,,,,,,,,,,,,,,,,,,,,,,,,,,,,,,,,,,,,,,,,,,,,,,,,,,,,,,,,,,,,,,,,,,,,,,,,,,,,,,,,,,,,,,,,,,,,,,,,,,,,,,,,,,,,,,,,,,,,,,,,,,,,,,,,,,,,,,,,,,,,,,,,,,,,,
Norman Prefl't,NPF,,N/A,N/A,,,TRUE,,,,,,,,,,,,,,,,,,,,,,,,,,,,,,,,,,,,,,,,,,,,,,,,,,,13,14,,,,,,,,,,,,,,,,,,,,,,,,,,,,,,,,,,,,,,,,,,,,,,,,,,,,,,,,,,,,,,,,,,,,,,,,,,,,,,,,,,,,,,,,,,,,,,,,,,,,,,,,,,,,,,,,,,,,,,,,,,,,,,,,,,,,,,,,,,,,,,,,,,,,,,,,,,,,,,,,,,,,,,,,,,,,,,,,,,,,,,,,,,,,,,,,,,,,,,,,,,,,,,,,,,,,,,,,,,,,,,,,,,,,,,,,,,,,,,,,,,,,,,,,,,,,,,,,,,,,,,,,,,,,,,,,,,,,,,,,,,,,,,,,,,,,,,,,,,,,,,,,,,,,,,,,,,,,,,,,,,,,,,,,,,,,,,,,,,,,,,,,,,,,,,,,,,,,,,,,,,,,,,,,,,,,,,,,,,,,,,,,,,,,,,,,,,,,,,,,,,,,,,,,,,,,
North Carolina,UNC,Tar Heels,I-FBS,ACC,#56A0D3,#FFFFFF,FALSE,,,,,,,,,19,19,,,,,,,,,,,,,,,,,,,,,,,,,,,,,,,,,,,,,,,,,,,,,,,,,,,,,9,9,,,,,9,9,,,,,3,3,,,,,16,16,,,,,,,,,,,,,,,,,,,,,,,,,,,,,,,,,,,,,,,,,,,,,,,,,,,,,,,,,,,,,,,,,,,,,,,,,,,,,,,,,,,,,,,,,,,,,,,,,,,,,,,,,,,,,,,,,,,,,,,,,,,,,,,,,,,,,,,,,12,12,,,,,,,,,,,,,,,,,,,,,,,,,,,,,17,17,,,,,,,,,,,15,15,,,,,10,10,,,,,9,9,,,,,18,18,,,,,,,,,,,,,,,,,,,,,,,,,,,,,,,,,,,,,,,,,,,,,,,,,,,,,,,,,,,19,19,,,,,19,19,,,,,,,,,,,,,,,,,10,10,,,,,6,6,,,,,,,,,,,,,,,,,,,,,,,,,,,,,,,,,,,,,,,,,,,,,,,,,,,,,,,,,,,,,,,,,,,,,,,,,,,,,,,,,,,,,,,,,,,,,,
North Carolina State,NCST,Wolfpack,I-FBS,ACC,#CC0000,#FFFFFF,FALSE,,,,,,,,,,,,,,,,,,,,,,,,,,,,,,,,,,,,,,,,,,,,,,,,,,,,,,,,,,,,,,,18,18,,,,,17,17,,,,,,,,,,,,,,,,,,,,,,,,,,,,,,,,,,,,,,,,,,,,,,,,,,,,,,,,,,,15,15,,,,,,,,,,,,,,,,,,,,,,,,,,,,,,,,,,,,,,,,,,,,,,,,,,,,,,,,,,,,,,,,,,,,,,,,,,,,,,,,,,,,,,,,,17,17,,,,,16,16,,,,,11,11,,,,,,,,,,,,,,,,,,,,,,,18,18,,,,,,,,,,,,,,,,,,,,,,,,,,,,,,,,,,,,,,,,,,,,,,,,,,,,,,,,,,,,,,,,,,,,,,,,,,,,,24,24,,,,,17,17,,,,,,,,,,,17,17,,,,,,,,,,,,,,,,,,,,,,,,,,,,,,,,,,,,,,,,,,,,,,,12,12,,,,,,,,,,,,,,,,,,,,,,,,,,,,,,,,,,,,,,,,,,,,,,,25,25,ACC,9,4,,,,,,,,,,,,,
Ohio,OHIO,Bobcats,I-FBS,MAC,#006A4D,#FFFFFF,FALSE,,,,,,,,,,,,,,,,,,,,,,,,,,,,,,,,,,,,,,,,,,,,,,,,,,,,,,,,,,,,,,,,,,,,,,,,,,,,,,,,,,,,,,,,,,,,,,,,,,,,,,,,,,,,,,,,,,,,,,,,,,,,,,,,,,,,,,,,,,,,,,,,,,,,,,,,,,,,,,,,,,,,,,,,,,,,,,,,,,,,,,,,,,,,,,,,,,,20,20,,,,,,,,,,,,,,,,,,,,,,,,,,,,,,,,,,,,,,,,,,,,,,,,,,,,,,,,,,,,,,,,,,,,,,,,,,,,,,,,,,,,,,,,,,,,,,,,,,,,,,,,,,,,,,,,,,,,,,,,,,,,,,,,,,,,,,,,,,,,,,,,,,,,,,,,,,,,,,,,,,,,,,,,,,,,,,,,,,,,,,,,,,,,,,,,,,,,,,,,,,,,,,,,,,,,,,,,,,,,,,,,,,,,,,,,,,,,,,,,,,,,,,,,,,,,,,,,,,,,,,,,,,,,
Oklahoma State,OKST,Cowboys,I-FBS,Big 12,#FF6600,#000000,FALSE,,,,,,,,,,,,,,,,,,,,,,,,,,,,,,,,,,,,,,,,,,,,,,,,,,,,,,,,,5,5,,,,,,,,,,,,,,,,,,,,,,,,,,,,,,,,,,,,,,,,,,,,,,,,,,,,,,,,,,,,,,,,,,,,,,,,,,,,,19,19,,,,,,,,,,,,,,,,,,,,,,,,,,,,,,,,,,,,,,,,,,,,,,,,,,,,,,,,,,,,,,,,,,,,,,,,,,,,,,,,,,,,,,,,,,,,,,,,,,,,,,,,,,,14,14,,,,,,,,,,,,,,,,,,,,,,,,,,,,,,,,,,,,,,,,,,,,,,,7,7,,,,,,,,,,,,,,,,,11,11,,,,,11,11,,,,,,,,,,,,,,,,,,,,,,,,,,,,,,,,,,,,,,,,,,,,,,,,,,,,,24,24,,,,,,,,,,,,,,,,,,,,,,,,,,,,,,,,,,,,,,,,,,,,,,,,,,,,,,,,,,,,,,,,,16,16,,,,,,,,,,,13,13,Big 12,11,2,,3,3,Big 12,12,1,,,,,,,
Pacific (Cal),PAC,Tigers,N/A,N/A,#FF7F00,#000000,FALSE,,,,,,,,,,,,,,,,,,,,,,,,,,,,,,,,,,,,,,,,,,,,,19,19,,,,,,,,,,,,,,,,,,,,,,,,,,,,,,,,,,,10,10,,,,,,,,,,,,,,,,,,,,,,,,,,,,,,,,,,,,,,,,,,,,,,,,,,,,,,,,,,,,,,,,,,,,,,,,,,,,,,,,,,,,,,,,,,,,,,,,,,,,,,,,,,,,,,,,,,,,,,,,,,,,,,,,,,,,,,,,,,,,,,,,,,,,,,,,,,,,,,,,,,,,,,,,,,,,,,,,,,,,,,,,,,,,,,,,,,,,,,,,,,,,,,,,,,,,,,,,,,,,,,,,,,,,,,,,,,,,,,,,,,,,,,,,,,,,,,,,,,,,,,,,,,,,,,,,,,,,,,,,,,,,,,,,,,,,,,,,,,,,,,,,,,,,,,,,,,,,,,,,,,,,,,,,,,,,,,,,,,,,,,,,,,,,,,,,,,,,,,,,,,,,,,,,,,,,,,,,,,,,,,
Penn State,PSU,Nittany Lions,I-FBS,Big Ten,#162852,#FFFFFF,FALSE,,,,,,,,,,,,,,,,,,,,,,,,,,,20,20,,,,,,,,,,,,,,,,,,,,,,,,,,,,,,,,,,,,,,,,,4,4,,,,,18,18,,,,,,,,,,,,,,,,,,,,,,,,,,,,,,,,,,,20,20,,,,,,,,,,,,,,,,,,,,,,,,,,,,,12,12,,,,,16,16,,,,,17,18,,,,,9,9,,,,,,,,,,,,,,,,,,,,,,,,,,,,,10,10,,,,,2,2,,,,,2,2,,,,,18,18,,,,,5,5,,,,,10,10,,,,,5,5,,,,,7,7,,,,,10,10,,,,,,,,,,,5,5,,,,,4,4,,,,,20,20,,,,,8,8,,,,,3,3,,,,,1,1,,,,,,,,,,,,,,,,,3,3,,,,,1,1,,,,,,,,,,,,,,,,,15,15,,,,,11,11,,,,,3,3,,,,,,,,,,,8,8,,,,,2,2,,,,,13,13,,,,,7,7,,,,,16,16,,,,,17,17,,,,,11,11,,,,,,,,,,,,,,,,,16,16,,,,,,,,,,,,,,,,,3,3,,,,,24,24,,,,,,,,,,,8,8,,,,,9,9,,,,,,,,,,,,,,,,,,,,,,
Pennsylvania,PENN,Quakers,I-FCS,Ivy,#990000,#FFFFFF,FALSE,,,10,10,Independent,7,1,0,,,,,,,,,,,,,,,,,,,14,14,,,,,15,15,,,,,,,,,,,20,20,,,,,,,,,,,8,8,,,,,13,13,,,,,7,7,,,,,,,,,,,,,,,,,,,,,,,,,,,,,,,,,,,,,,,,,,,,,,,,,,,,,,,,,,,,,,,,,,,,,,,,,,,,,,,,,,,,,,,,,,,,,,,,,,,,,,,,,,,,,,,,,,,,,,,,,,,,,,,,,,,,,,,,,,,,,,,,,,,,,,,,,,,,,,,,,,,,,,,,,,,,,,,,,,,,,,,,,,,,,,,,,,,,,,,,,,,,,,,,,,,,,,,,,,,,,,,,,,,,,,,,,,,,,,,,,,,,,,,,,,,,,,,,,,,,,,,,,,,,,,,,,,,,,,,,,,,,,,,,,,,,,,,,,,,,,,,,,,,,,,,,,,,,,,,,,,,,,,,,,,,,,,,,,,,,,,,,,,,,,,,,,,,,,,,,,,,,,,,,,,,,,,,,,,,,,,,,,,,,,,,,,,
Pittsburgh,PITT,Panthers,I-FBS,ACC,#1C2A43,#D0B67B,FALSE,,,3,3,Independent,7,1,1,1,1,,,,,8,8,,,,,,,,,,,,,,,,,,,,,,,,,,,,,,,,,,,,,,,,,,,,,,,,,,,,,,,,,,,,,,,,,,,,,,,,,,,,,,,,,,,,,,,,,,,,,,,,,,,,,11,11,,,,,13,13,,,,,,,,,,,,,,,,,20,20,,,,,,,,,,,,,,,,,,,,,,,4,4,,,,,,,,,,,,,,,,,,,,,,,,,,,,,,,,,,,,,,,,,,,,,,,,,,,,,,,,,,,,,,,,,,,,,,,15,15,,,,,1,1,,,,,8,8,,,,,,,,,,,7,7,,,,,2,2,,,,,4,4,,,,,10,10,,,,,18,18,,,,,,,,,,,,,,,,,,,,,,,,,,,,,,,,,,,17,17,,,,,,,,,,,,,,,,,,,,,,,,,,,,,,,,,,,,,,,,,,,,,,,,,,,,,,,,,,,,,,,,,,,,,,,,,,,,,19,19,,,,,,,,,,,25,25,,,,,,,,,,,,,,,,,,,,,,,,,,,,,15,15,,,,,,,,,,,,,,,,,,,,,,
Princeton,PTON,Tigers,I-FCS,Ivy,#FF6600,#000000,FALSE,,,,,,,,,,,,,,,,,,,,,,,,,,,,,,,,,,,,,,,,,,,,,,,,,,,,,,,,,,,,,,,,,,,,,,,,,,,,,,,,,18,18,,,,,6,6,,,,,6,6,,,,,19,19,,,,,,,,,,,,,,,,,,,,,,,,,,,,,,,,,,,,,,,,,,,,,,,,,,,,,,,,,,,,,,,,,,,,,,,,,,,,,,,,,,,,,,,,,,,,,,,,,,,,,,,,,,,,,,,,,,,,,,,,,,,,,,,,,,,,,,,,,,,,,,,,,,,,,,,,,,,,,,,,,,,,,,,,,,,,,,,,,,,,,,,,,,,,,,,,,,,,,,,,,,,,,,,,,,,,,,,,,,,,,,,,,,,,,,,,,,,,,,,,,,,,,,,,,,,,,,,,,,,,,,,,,,,,,,,,,,,,,,,,,,,,,,,,,,,,,,,,,,,,,,,,,,,,,,,,,,,,,,,,,,,,,,,,,,,,,,,,,,,,,,,,,,,,,,,,,,,,,,,,,,,,
Purdue,PUR,Boilermakers,I-FBS,Big Ten,#000000,#B0936B,FALSE,,,,,,,,,,,,,,,,,,,,,,,,,,,,,,,,,,,,,,,,,,,,,5,5,,,,,,,,,,,,,,,,,,,,,,,,,,,,,,,,,,,,,,,,,,,,,,,,,,,,,18,18,,,,,,,,,,,,,,,,,,,,,,,,,,,,,,,,,,,13,13,,,,,,,,,,,19,19,,,,,12,12,,,,,,,,,,,,,,,,,,,,,,,,,,,,,7,7,,,,,9,9,,,,,10,10,,,,,18,18,,,,,,,,,,,,,,,,,,,,,,,,,,,,,,,,,,,,,,,,,,,,,,,,,,,,,13,13,,,,,10,10,,,,,17,17,,,,,,,,,,,,,,,,,,,,,,,,,,,,,,,,,,,,,,,,,,,,,,,,,,,,,,,,,,,,,,,,,,,,,,,,,,,,,,,,,,,,,,,,,,,,,,,,,,,,,15,15,,,,,24,24,,,,,25,25,,,,,13,13,,,,,,,,,,,,,,,,,18,18,,,,,,,,,,,,,,,,,,,,,,,,,,,,,,,,,,,,,,,,,,,,,,,,,,,,,,,,,,
Randolph Field,RF,,N/A,N/A,,,TRUE,,,,,,,,,,,,,,,,,,,,,,,,,,,,,,,,,,,,,,,,,,,,,,,,,,,3,3,,,,,,,,,,,,,,,,,,,,,,,,,,,,,,,,,,,,,,,,,,,,,,,,,,,,,,,,,,,,,,,,,,,,,,,,,,,,,,,,,,,,,,,,,,,,,,,,,,,,,,,,,,,,,,,,,,,,,,,,,,,,,,,,,,,,,,,,,,,,,,,,,,,,,,,,,,,,,,,,,,,,,,,,,,,,,,,,,,,,,,,,,,,,,,,,,,,,,,,,,,,,,,,,,,,,,,,,,,,,,,,,,,,,,,,,,,,,,,,,,,,,,,,,,,,,,,,,,,,,,,,,,,,,,,,,,,,,,,,,,,,,,,,,,,,,,,,,,,,,,,,,,,,,,,,,,,,,,,,,,,,,,,,,,,,,,,,,,,,,,,,,,,,,,,,,,,,,,,,,,,,,,,,,,,,,,,,,,,,,,,,,,,,,,,,,,,,,,,,,,,,,,,,,,,,,
Rice,RICE,Owls,I-FBS,C-USA,#08336A,#A9A9A9,FALSE,,,,,,,,,18,18,,,,,,,,,,,,,,,,,,,,,,,,,,,,,,,,,,,,,,,,,,,,,,,,,,,,,10,10,,,,,18,18,,,,,,,,,,,5,5,,,,,,,,,,,,,,,,,,,,,,,6,6,,,,,19,19,,,,,,,,,,,,,,,,,8,8,,,,,,,,,,,,,,,,,,,,,,,17,19,,,,,,,,,,,,,,,,,,,,,,,,,,,,,,,,,,,,,,,,,,,,,,,,,,,,,,,,,,,,,,,,,,,,,,,,,,,,,,,,,,,,,,,,,,,,,,,,,,,,,,,,,,,,,,,,,,,,,,,,,,,,,,,,,,,,,,,,,,,,,,,,,,,,,,,,,,,,,,,,,,,,,,,,,,,,,,,,,,,,,,,,,,,,,,,,,,,,,,,,,,,,,,,,,,,,,,,,,,,,,,,,,,,,,,,,,,,,,,,,,,,,,,,,,,,,,,,,,,,,,,,,,,,,,,,,,,,,,,,,,,,,,,,,,,,,,,,,,,,,,,,,,,,,,,
Rutgers,RUT,Scarlet Knights,I-FBS,AAC,#CC0000,#FFFFFF,FALSE,,,,,,,,,,,,,,,,,,,,,,,,,,,,,,,,,,,,,,,,,,,,,,,,,,,,,,,,,,,,,,,,,,,,,,,,,,,,,,,,,,,,,,,,,,,,,,,,,,,,,,,,,,,,,,,,,,,,,,,,,,,,,,,,,,,,,,,20,20,,,,,,,,,,,,,,,,,15,15,,,,,,,,,,,,,,,,,,,,,,,,,,,,,,,,,,,,,,,,,,,,,,,,,,,,,,,,,,,,,,,,,,,,,,,,,,,,,,,,,,,,,,,,,17,17,,,,,,,,,,,,,,,,,,,,,,,,,,,,,,,,,,,,,,,,,,,,,,,,,,,,,,,,,,,,,,,,,,,,,,,,,,,,,,,,,,,,,,,,,,,,,,,,,,,,,,,,,,,,,,,,,,,,,,,,,,,,,,,,,,,,,,,,,,,,,,,,,,,,,,,,,,,,,,,,,,,,,,,,,,,,,,,,,,,12,12,,,,,,,,,,,,,,,,,,,,,,,,,,,,,,,,,,,,,,,,
Saint Mary's (Cal),STM,Gaels,N/A,N/A,#06315B,#D80024,FALSE,,,,,,,,,,,,,,,,,,,,,,,,,,,,,,,,,,,,,,,,,,,,,,,,,,,,,,,,,7,7,,,,,,,,,,,,,,,,,,,,,,,,,,,,,,,,,,,,,,,,,,,,,,,,,,,,,,,,,,,,,,,,,,,,,,,,,,,,,,,,,,,,,,,,,,,,,,,,,,,,,,,,,,,,,,,,,,,,,,,,,,,,,,,,,,,,,,,,,,,,,,,,,,,,,,,,,,,,,,,,,,,,,,,,,,,,,,,,,,,,,,,,,,,,,,,,,,,,,,,,,,,,,,,,,,,,,,,,,,,,,,,,,,,,,,,,,,,,,,,,,,,,,,,,,,,,,,,,,,,,,,,,,,,,,,,,,,,,,,,,,,,,,,,,,,,,,,,,,,,,,,,,,,,,,,,,,,,,,,,,,,,,,,,,,,,,,,,,,,,,,,,,,,,,,,,,,,,,,,,,,,,,,,,,,,,,,,,,,,,,,,,,,,,,,,,,,,,,,,,,,,,,,,
Saint Mary's PF,SMPF,,N/A,N/A,,,TRUE,,,,,,,,,,,,,,,,,,,,,,,,,,,,,,,,,,,,,,,,,,,,,,,,,,,19,19,,,,,,,,,,,,,,,,,,,,,,,,,,,,,,,,,,,,,,,,,,,,,,,,,,,,,,,,,,,,,,,,,,,,,,,,,,,,,,,,,,,,,,,,,,,,,,,,,,,,,,,,,,,,,,,,,,,,,,,,,,,,,,,,,,,,,,,,,,,,,,,,,,,,,,,,,,,,,,,,,,,,,,,,,,,,,,,,,,,,,,,,,,,,,,,,,,,,,,,,,,,,,,,,,,,,,,,,,,,,,,,,,,,,,,,,,,,,,,,,,,,,,,,,,,,,,,,,,,,,,,,,,,,,,,,,,,,,,,,,,,,,,,,,,,,,,,,,,,,,,,,,,,,,,,,,,,,,,,,,,,,,,,,,,,,,,,,,,,,,,,,,,,,,,,,,,,,,,,,,,,,,,,,,,,,,,,,,,,,,,,,,,,,,,,,,,,,,,,,,,,,,,,,,,,,,
San Diego State,SDSU,Aztecs,I-FBS,MWC,#A81933,#000000,FALSE,,,,,,,,,,,,,,,,,,,,,,,,,,,,,,,,,,,,,,,,,,,,,,,,,,,,,,,,,,,,,,,,,,,,,,,,,,,,,,,,,,,,,,,,,,,,,,,,,,,,,,,,,,,,,,,,,,,,,,,,,,,,,,,,,,,,,,,,,,,,,,,,,,,,,,,,,,,,,,,,,,,,,,,,,,,,,,,,,,,,,,,,,,,,,,,,,,,,,,,,,,,,,,,,,,,,,,,,,,,,,,,,,,,,,,,,,,,,,,,,,,,,,,,,,16,16,,,,,,,,,,,,,,,,,,,,,,,,,,,,,,,,,,,,,,,,,,,,,,,,,,,,,,,,,,,,,,,,,,,,,,,,,,,,,,,,,,,,,,,,,,,,,,,,,,,,,,,,,,,,,,,,,,,,,,,,,,,,,,,,,,,,,,,,,,,,,,,,,,,,,,,,,,,,,,,,,,,,,,,,,,,,,,,,,,,,,,,,,,,,,,,,,,,,,,,,,,,,,,,,,,,,,,
San Francisco,SF,Dons,N/A,N/A,#006633,#FFCC33,FALSE,,,,,,,,,,,,,,,,,,,,,,,,,,,,,,,,,,,,,,,,,,,,,,,,,,,,,,,,,,,,,,,,,,,,,,,,,,,,,,,,,,,,,,,,,,,,,14,14,,,,,,,,,,,,,,,,,,,,,,,,,,,,,,,,,,,,,,,,,,,,,,,,,,,,,,,,,,,,,,,,,,,,,,,,,,,,,,,,,,,,,,,,,,,,,,,,,,,,,,,,,,,,,,,,,,,,,,,,,,,,,,,,,,,,,,,,,,,,,,,,,,,,,,,,,,,,,,,,,,,,,,,,,,,,,,,,,,,,,,,,,,,,,,,,,,,,,,,,,,,,,,,,,,,,,,,,,,,,,,,,,,,,,,,,,,,,,,,,,,,,,,,,,,,,,,,,,,,,,,,,,,,,,,,,,,,,,,,,,,,,,,,,,,,,,,,,,,,,,,,,,,,,,,,,,,,,,,,,,,,,,,,,,,,,,,,,,,,,,,,,,,,,,,,,,,,,,,,,,,,,,,,,,,
Santa Clara,STCL,Broncos,N/A,N/A,#AA003D,#F0E8C4,FALSE,,,6,6,Independent,7,0,0,9,10,,,,,,,,,,,14,14,,,,,11,11,,,,,,,,,,,15,15,,,,,,,,,,,,,,,,,,,,,,,,,,,,,,,,,,,,,,,,,15,15,,,,,,,,,,,,,,,,,,,,,,,,,,,,,,,,,,,,,,,,,,,,,,,,,,,,,,,,,,,,,,,,,,,,,,,,,,,,,,,,,,,,,,,,,,,,,,,,,,,,,,,,,,,,,,,,,,,,,,,,,,,,,,,,,,,,,,,,,,,,,,,,,,,,,,,,,,,,,,,,,,,,,,,,,,,,,,,,,,,,,,,,,,,,,,,,,,,,,,,,,,,,,,,,,,,,,,,,,,,,,,,,,,,,,,,,,,,,,,,,,,,,,,,,,,,,,,,,,,,,,,,,,,,,,,,,,,,,,,,,,,,,,,,,,,,,,,,,,,,,,,,,,,,,,,,,,,,,,,,,,,,,,,,,,,,,,,,,,,,,,,,,,,,,,,,,,,,,,,,,,,,,,,,,,,,,,,,,,,,,,,
Second Air Force,SAF,Superbombers,N/A,N/A,,,TRUE,,,,,,,,,,,,,,,,,,,,,,,,,,,,,,,,,,,,,,,,,,,,,,,,,,,20,20,,,,,,,,,,,,,,,,,,,,,,,,,,,,,,,,,,,,,,,,,,,,,,,,,,,,,,,,,,,,,,,,,,,,,,,,,,,,,,,,,,,,,,,,,,,,,,,,,,,,,,,,,,,,,,,,,,,,,,,,,,,,,,,,,,,,,,,,,,,,,,,,,,,,,,,,,,,,,,,,,,,,,,,,,,,,,,,,,,,,,,,,,,,,,,,,,,,,,,,,,,,,,,,,,,,,,,,,,,,,,,,,,,,,,,,,,,,,,,,,,,,,,,,,,,,,,,,,,,,,,,,,,,,,,,,,,,,,,,,,,,,,,,,,,,,,,,,,,,,,,,,,,,,,,,,,,,,,,,,,,,,,,,,,,,,,,,,,,,,,,,,,,,,,,,,,,,,,,,,,,,,,,,,,,,,,,,,,,,,,,,,,,,,,,,,,,,,,,,,,,,,,,,,,,,,,
Southern California,USC,Trojans,I-FBS,Pac-12,#990000,#FFCC00,FALSE,,,,,,,,,,,,,,,7,7,,,,,3,3,,,,,,,,,,,,,,,,,,,,,,,,,,,,,7,7,,,,,11,11,,,,,,,,,,,8,8,,,,,,,,,,,,,,,,,,,,,,,,,,,,,5,5,,,,,,,,,,,17,17,,,,,13,13,,,,,18,18,,,,,,,,,,,,,,,,,14,14,,,,,,,,,,,,,,,,,1,1,,,,,,,,,,,10,10,,,,,10,10,,,,,,,,,,,1,1,,,,,4,4,,,,,3,3,,,,,15,15,,,,,20,20,,,,,1,1,,,,,8,8,,,,,2,2,,,,,17,17,,,,,2,2,,,,,13,13,,,,,2,2,,,,,2,2,,,,,11,11,,,,,14,14,,,,,15,15,,,,,,,,,,,10,10,,,,,,,,,,,,,,,,,18,18,,,,,7,7,,,,,8,8,,,,,20,20,,,,,,,,,,,,,,,,,,,,,,,13,13,,,,,12,12,,,,,,,,,,,,,,,,,,,,,,,,,,,,,,,,,,,,,,,,,4,4,,,,,1,1,,,,,1,1,,,,,2,2,,,,,4,4,,,,,3,3,,,,,3,3,,,,,22,22,,,,,,,,,,,6,6,Pac-12,10,2,,,,,,,
Southern Methodist,SMU,Mustangs,I-FBS,AAC,#C60C30,#0039A6,FALSE,,,,,,,,,,,,,,,,,,,,,,,,,,,16,16,,,,,,,,,,,,,,,,,,,,,,,,,,,,,,,,,,,,,,,,,3,3,,,,,10,10,,,,,,,,,,,,,,,,,,,,,,,,,,,,,,,,,,,,,,,,,,,,,,,,,,,,,,,,,,,18,18,,,,,,,,,,,,,,,,,,,,,,,,,,,,,,,,,,,,,,,,,,,,,,,10,10,,,,,,,,,,,14,14,,,,,,,,,,,,,,,,,,,,,,,,,,,,,,,,,,,,,,,,,,,,,,,,,,,,,,,,,,,,,,,,,,,,,,,20,20,,,,,5,5,,,,,2,2,,,,,12,12,,,,,8,8,,,,,,,,,,,,,,,,,,,,,,,,,,,,,,,,,,,,,,,,,,,,,,,,,,,,,,,,,,,,,,,,,,,,,,,,,,,,,,,,,,,,,,,,,,,,,,,,,,,,,,,,,,,,,,,,,,,,,,,,,,,,,,,,,,,,,,,,,,,,,,,,,,,,,,,,,,,,,,,,,,,,,,,,,,,,
Southern Mississippi,SMS,Golden Eagles,I-FBS,C-USA,#FFC526,#000000,FALSE,,,,,,,,,,,,,,,,,,,,,,,,,,,,,,,,,,,,,,,,,,,,,,,,,,,,,,,,,,,,,,,,,,,,,,,,,,,,,,,,,,,,,,,,,,,,,,,,,,,,,,,,,,,,,,,,,,,,,,,,,,,,,,,,,,,,,,,,,,,,,,,,,,,,,,,,,,,,,,,,,,,,,,,,,,,,,,,,,,,,,,,,,,,,,,,,,,,,,,,,,,,,,,,,,,,,,,,,,,,,,,,,,,,,,,,,,,,,,,,,,,,,,,,,,,,,,,,,,,,,,,,,,,,,,,,,,,,,,,,,,,,,,,,,,,,,,,,,,,,,,,,,,,,,,,,,,,,,,,,,,,,,,,,,,,,,,,,,,,,,,,,,,,,,,,,,,,,,,,,,,,,,,,,,,19,19,,,,,,,,,,,14,14,,,,,,,,,,,,,,,,,,,,,,,,,,,,,,,,,,,,,,,,,,,,,,,,,,,,,,,,,,,,,,,,,,,,,,,20,20,C-USA,12,2,,,,,,,
Syracuse,CUSE,Orange,I-FBS,ACC,#FF6F00,#212B6D,FALSE,,,,,,,,,,,,,,,,,,,,,,,,,,,,,,,,,,,,,,,,,,,,,,,,,,,,,,,,,,,,,,,,,,,,,,,,,,,,,,,,,,,,,,,,,,,,,,,,,,,14,14,,,,,,,,,,,,,,,,,,,,,,,8,8,,,,,,,,,,,9,9,,,,,1,1,,,,,19,20,,,,,14,14,,,,,,,,,,,,,,,,,,,,,,,,,,,,,,,,,,,,,,,,,,,,,,,,,,,,,,,,,,,,,,,,,,,,,,,,,,,,,,,,,,,,,,,,,,,,,,,,,,,,,,,,,,,,,,,,,,,,,,,,,,,,,,,,,,,,,,,,,,,,,,,,,,,,,,,,,,,4,4,,,,,13,13,,,,,,,,,,,,,,,,,11,11,,,,,6,6,,,,,,,,,,,,,,,,,19,19,,,,,21,21,,,,,21,21,,,,,25,25,,,,,,,,,,,,,,,,,14,14,,,,,,,,,,,,,,,,,,,,,,,,,,,,,,,,,,,,,,,,,,,,,,,,,,,,,,,,,,,,,,,,,,,,,,
Temple,TEMP,Owls,I-FBS,AAC,#9D1A33,#FFFFFF,FALSE,,,,,,,,,,,,,,,,,,,,,,,,,,,,,,,,,,,,,,,,,,,,,,,,,,,,,,,,,,,,,,,,,,,,,,,,,,,,,,,,,,,,,,,,,,,,,,,,,,,,,,,,,,,,,,,,,,,,,,,,,,,,,,,,,,,,,,,,,,,,,,,,,,,,,,,,,,,,,,,,,,,,,,,,,,,,,,,,,,,,,,,,,,,,,,,,,,,,,,,,,,,,,,,,,,,,,,,,,,,,,,,,,,,,,,,,,,,,,,,,,,,,,,,,,,,,,,,,,,,,,17,17,,,,,,,,,,,,,,,,,,,,,,,,,,,,,,,,,,,,,,,,,,,,,,,,,,,,,,,,,,,,,,,,,,,,,,,,,,,,,,,,,,,,,,,,,,,,,,,,,,,,,,,,,,,,,,,,,,,,,,,,,,,,,,,,,,,,,,,,,,,,,,,,,,,,,,,,,,,,,,,,,,,,,,,,,,,,,,,,,,,,,,,,,,,,,,,,,,,,,,,,,,
Tennessee,TEN,Volunteers,I-FBS,SEC,#FF9000,#FFFFFF,FALSE,,,17,17,SEC,6,2,1,,,,,,,2,2,,,,,2,2,,,,,4,4,,,,,18,18,,,,,7,7,,,,,,,,,,,12,12,,,,,14,14,,,,,7,7,,,,,,,,,,,,,,,,,17,17,,,,,4,4,,,,,1,1,,,,,8,8,,,,,,,,,,,,,,,,,,,,,,,2,2,,,,,13,13,,,,,,,,,,,,,,,,,,,,,,,,,,,,,,,,,,,,,,,,,,,,,,,7,7,,,,,,,,,,,2,2,,,,,13,13,,,,,15,15,,,,,4,4,,,,,9,9,,,,,8,8,,,,,19,19,,,,,20,20,,,,,,,,,,,,,,,,,,,,,,,,,,,,,,,,,,,,,,,,,,,,,,,,,,,,,,,,,,,,,,,,,4,4,,,,,,,,,,,14,14,,,,,,,,,,,5,5,,,,,8,8,,,,,14,14,,,,,12,12,,,,,12,12,,,,,22,22,,,,,3,3,,,,,9,9,,,,,7,7,,,,,1,1,,,,,9,9,,,,,,,,,,,4,4,,,,,,,,,,,15,15,,,,,13,13,,,,,,,,,,,25,25,,,,,12,12,,,,,,,,,,,,,,,,,,,,,,,,,,,,,,,,,,
Texas Christian,TCU,Horned Frogs,I-FBS,Big 12,#660099,#FFFFFF,FALSE,,,16,16,SWC,7,2,2,16,16,,,,,1,1,,,,,,,,,,,,,,,,,,,,,,,,,,,,,,,,,,,,,,,,,,,,,,,,,,,,,,,,,,,,,,,,,,,,,,,,,,,,,11,11,,,,,,,,,,,,,,,,,,,,,,,6,6,,,,,14,14,,,,,,,,,,,10,10,,,,,7,7,,,,,,,,,,,,,,,,,,,,,,,,,,,,,,,,,,,,,,,,,,,,,,,,,,,,,,,,,,,,,,,,,,,,,,,,,,,,,,,,,,,,,,,,,,,,,,,,,,,,,,,,,,,,,,,,,,,,,,,,,,,,,,,,,,,,,,,,,,,,,,,,,,,,,,,,,,,,,,,,,,,,,,,,,,,,,,,,,,,,,,,,,,,,,,,,,,,,,,,,,,,,,,,,,,,,,,,,,,,,,,,,,,,,,,,,,,,,,,,,,,,,,21,21,,,,,,,,,,,23,23,,,,,25,25,,,,,,,,,,,11,11,,,,,22,22,,,,,,,,,,,7,7,,,,,6,6,,,,,2,2,MWC,13,0,,14,14,MWC,11,2,,,,,,,
Texas Tech,TT,Red Raiders,I-FBS,Big 12,#CC0000,#000000,FALSE,,,,,,,,,,,,,,,11,11,,,,,,,,,,,,,,,,,,,,,,,,,,,,,,,,,,,,,,,,,,,,,,,,,,,,,,,,,,,,,,,,,,,,,,,,,,,,,,,,,,,,,,,,,12,12,,,,,,,,,,,,,,,,,,,,,,,,,,,,,,,,,,,,,,,,,,,,,,,,,,,,,,,,,,,,,,,,,,,,,,,,,,,,,,,,,,,,,,,,,,,,,,,,,,,,,,,,,,,,,,,,,,,,,,,11,11,,,,,,,,,,,,,,,,,13,13,,,,,,,,,,,,,,,,,,,,,,,,,,,,,,,,,,,,,,,,,,,,,,,,,,,,,,,,,,,,,,,,,,,,,,,,,,,,,19,19,,,,,,,,,,,,,,,,,,,,,,,,,,,,,,,,,,,23,23,,,,,,,,,,,,,,,,,,,,,,,,,,,,,,,,,,,,,,,,,,,,,,,,,,,,,18,18,,,,,20,20,,,,,,,,,,,22,22,,,,,12,12,,,,,21,21,,,,,,,,,,,,,,,,,,,,,,
Toledo,TOLE,Rockets,I-FBS,MAC,#000080,#F9D819,FALSE,,,,,,,,,,,,,,,,,,,,,,,,,,,,,,,,,,,,,,,,,,,,,,,,,,,,,,,,,,,,,,,,,,,,,,,,,,,,,,,,,,,,,,,,,,,,,,,,,,,,,,,,,,,,,,,,,,,,,,,,,,,,,,,,,,,,,,,,,,,,,,,,,,,,,,,,,,,,,,,,,,,,,,,,,,,,,,,,,,,,,,,,,,,,,,,,,,,,,,,,,,,,,,,12,12,,,,,14,14,,,,,,,,,,,,,,,,,,,,,,,,,,,,,,,,,,,,,,,,,,,,,,,,,,,,,,,,,,,,,,,,,,,,,,,,,,,,,,,,,,,,,,,,,,,,,,,,,,,,,,,,,,,,,,,,,,,,,,,,,,,,,,,,,,,,,,,,,,,,,,,24,24,,,,,,,,,,,,,,,,,,,,,,,,,,,,,,,,,,,23,23,,,,,,,,,,,,,,,,,,,,,,,,,,,,,,,,,,,,,,,,,,,,,,,,,,,,,,,,,,,,,,,,,,,,,,
Tulane,TULA,Green Wave,I-FBS,C-USA,#004731,#B6DFF4,FALSE,,,,,,,,,,,,,,,19,19,,,,,5,5,,,,,,,,,,,,,,,,,,,,,,,,,,,,,,,,,,,,,,,,,,,,,,,,,,,,,13,13,,,,,,,,,,,20,20,,,,,,,,,,,,,,,,,,,,,,,,,,,,,,,,,,,,,,,,,,,,,,,,,,,,,,,,,,,,,,,,,,,,,,,,,,,,,,,,,,,,,,,,,,,,,,,,,,,,,,,,,,,,,,,,,,,,,,,17,17,,,,,,,,,,,,,,,,,20,21,,,,,,,,,,,,,,,,,,,,,,,,,,,,,,,,,,,,,,,,,,,,,,,,,,,,,,,,,,,,,,,,,,,,,,,,,,,,,,,,,,,,,,,,,,,,,,,,,,,,,,,,,,,,,,,,,,,,,,,,,,,,,,,,,,,,,,,,,,,,,,,,,,,,,7,7,,,,,,,,,,,,,,,,,,,,,,,,,,,,,,,,,,,,,,,,,,,,,,,,,,,,,,,,,,,,,,,,,,,,,,,,,,,,,,,,,,,,,,,,
Tulsa,TULS,Golden Hurricane,I-FBS,C-USA,#084C9E,#CFB53B,FALSE,,,,,,,,,,,,,,,,,,,,,,,,,,,,,,,,,,,,,,,4,4,,,,,15,15,,,,,,,,,,,17,17,,,,,17,17,,,,,,,,,,,,,,,,,,,,,,,19,19,,,,,,,,,,,12,12,,,,,,,,,,,,,,,,,,,,,,,,,,,,,,,,,,,,,,,,,,,,,,,,,,,,,,,,,,,,,,,,,,,,,,,,,,,,,,,,,,,,,,,,,,,,,,,,,,,,,,,,,,,,,,,,,,,,,,,,,,,,,,,,,,,,,,,,,,,,,,,,,,,,,,,,,,,,,,,,,,,,,,,,,,,,,,,,,,,,,,,,,,,,,,,,,,,,,,,,,,,,,,,,,,,,,,,,,,,,,,,,,,,,,,,,,21,21,,,,,,,,,,,,,,,,,,,,,,,,,,,,,,,,,,,,,,,,,,,,,,,,,,,,,,,,,,,,,,,,,,,,,,,,,,,,,,,,,,,,,,,,,,,,,,,,,,,,,,,,,,,,,,,,,24,24,C-USA,10,3,,,,,,,,,,,,,
UCLA,UCLA,Bruins,I-FBS,Pac-12,#0073CF,#FEBB36,FALSE,,,,,,,,,,,,,,,,,,,,,7,7,,,,,,,,,,,,,,,,,13,13,,,,,,,,,,,,,,,,,,,,,,,4,4,,,,,,,,,,,,,,,,,,,,,,,,,,,,,17,17,,,,,6,6,,,,,5,5,,,,,2,2,,,,,4,4,,,,,,,,,,,,,,,,,,,,,,,,,,,,,,,,,,,16,16,,,,,,,,,,,,,,,,,,,,,,,4,4,,,,,5,5,,,,,,,,,,,,,,,,,13,13,,,,,,,,,,,,,,,,,15,15,,,,,12,12,,,,,,,,,,,5,5,,,,,15,15,,,,,,,,,,,14,14,,,,,,,,,,,13,13,,,,,,,,,,,5,5,,,,,17,17,,,,,9,9,,,,,7,7,,,,,14,14,,,,,9,9,,,,,6,6,,,,,,,,,,,,,,,,,19,19,,,,,,,,,,,18,18,,,,,,,,,,,,,,,,,,,,,,,5,5,,,,,8,8,,,,,,,,,,,,,,,,,,,,,,,,,,,,,,,,,,,,,,,,,16,16,,,,,,,,,,,,,,,,,,,,,,,,,,,,,,,,,,,,,,,,,,,,,,
Utah,UTAH,Utes,I-FBS,Pac-12,#CC0000,#FFFFFF,FALSE,,,,,,,,,,,,,,,,,,,,,,,,,,,,,,,,,,,,,,,,,,,,,,,,,,,,,,,,,,,,,,,,,,,,,,,,,,,,,,,,,,,,,,,,,,,,,,,,,,,,,,,,,,,,,,,,,,,,,,,,,,,,,,,,,,,,,,,,,,,,,,,,,,,,,,,,,,,,,,,,,,,,,,,,,,,,,,,,,,,,,,,,,,,,,,,,,,,,,,,,,,,,,,,,,,,,,,,,,,,,,,,,,,,,,,,,,,,,,,,,,,,,,,,,,,,,,,,,,,,,,,,,,,,,,,,,,,,,,,,,,,,,,,,,,,,,,,,,,,,,,,,,,,,,,,,,,,,,,,,,,,,,,,,,,,,,,,,,,,,,,,,,,,,,,,,10,10,,,,,,,,,,,,,,,,,,,,,,,,,,,,,,,,,,,,,,,,,,,,,,,,,,,,,21,21,,,,,4,4,,,,,,,,,,,,,,,,,,,,,,,2,2,,,,,18,18,,,,,,,,,,,,,,,,,,,,,,
Villanova,NOVA,Wildcats,I-FCS,CAA,#013974,#67CAF1,FALSE,,,,,,,,,6,6,,,,,18,18,,,,,,,,,,,,,,,,,,,,,,,,,,,,,,,,,,,,,,,,,,,,,,,,,,,,,,,,,,,,,,,,,13,13,,,,,,,,,,,,,,,,,,,,,,,,,,,,,,,,,,,,,,,,,,,,,,,,,,,,,,,,,,,,,,,,,,,,,,,,,,,,,,,,,,,,,,,,,,,,,,,,,,,,,,,,,,,,,,,,,,,,,,,,,,,,,,,,,,,,,,,,,,,,,,,,,,,,,,,,,,,,,,,,,,,,,,,,,,,,,,,,,,,,,,,,,,,,,,,,,,,,,,,,,,,,,,,,,,,,,,,,,,,,,,,,,,,,,,,,,,,,,,,,,,,,,,,,,,,,,,,,,,,,,,,,,,,,,,,,,,,,,,,,,,,,,,,,,,,,,,,,,,,,,,,,,,,,,,,,,,,,,,,,,,,,,,,,,,,,,,,,,,,,,,,,,,,,,,,,,,,,,,,,,,,,,,,,,,,,,,,,,,,,,,
Virginia,UVA,Cavaliers,I-FBS,ACC,#00214E,#F56D22,FALSE,,,,,,,,,,,,,,,,,,,,,,,,,,,,,,,,,,,,,,,,,,,,,,,,,,,,,,,,,,,,,,,,,,,,,,,,,,,,,,,,,,,,,,,,,,,,,13,13,,,,,,,,,,,,,,,,,,,,,,,,,,,,,,,,,,,,,,,,,,,,,,,,,,,,,,,,,,,,,,,,,,,,,,,,,,,,,,,,,,,,,,,,,,,,,,,,,,,,,,,,,,,,,,,,,,,,,,,,,,,,,,,,,,,,,,,,,,,,,,,,,,,,,,,,,,,,,,,,,,,,,,,,,,,,,,,,,,,,,,,,,,,,,,,,,,,,,20,20,,,,,,,,,,,,,,,,,,,,,,,,,,,,,18,18,,,,,23,23,,,,,,,,,,,,,,,,,,,,,,,15,15,,,,,16,16,,,,,,,,,,,,,,,,,18,18,,,,,,,,,,,,,,,,,,,,,,,22,22,,,,,,,,,,,23,23,,,,,,,,,,,,,,,,,,,,,,,,,,,,,,,,,,,,,,,,,,,,,,,,,,,,
Virginia Military,VMI,Keydets,I-FCS,Big South,#FF0000,#FFFF00,FALSE,,,,,,,,,,,,,,,,,,,,,,,,,,,,,,,,,,,,,,,,,,,,,,,,,,,,,,,,,,,,,,,,,,,,,,,,,,,,,,,,,,,,,,,,,,,,,,,,,,,,,,,,,,,,,,,,,,,,,,,,,,,,,,,,,20,20,,,,,,,,,,,,,,,,,,,,,,,,,,,,,,,,,,,,,,,,,,,,,,,,,,,,,,,,,,,,,,,,,,,,,,,,,,,,,,,,,,,,,,,,,,,,,,,,,,,,,,,,,,,,,,,,,,,,,,,,,,,,,,,,,,,,,,,,,,,,,,,,,,,,,,,,,,,,,,,,,,,,,,,,,,,,,,,,,,,,,,,,,,,,,,,,,,,,,,,,,,,,,,,,,,,,,,,,,,,,,,,,,,,,,,,,,,,,,,,,,,,,,,,,,,,,,,,,,,,,,,,,,,,,,,,,,,,,,,,,,,,,,,,,,,,,,,,,,,,,,,,,,,,,,,,,,,,,,,,,,,,,,,,,,,,,,,
Virginia Tech,VT,Hokies,I-FBS,ACC,#721227,#F77318,FALSE,,,,,,,,,,,,,,,,,,,,,,,,,,,,,,,,,,,,,,,,,,,,,,,,,,,,,,,,,,,,,,,,,,,,,,,,,,,,,,,,,,,,,,,,,,,,,,,,,,,,,,,,,,,,,,,16,16,,,,,,,,,,,,,,,,,,,,,,,,,,,,,,,,,,,,,,,,,,,,,,,,,,,,,,,,,,,,,,,,,,,,,,,,,,,,,,,,,,,,,,,,,,,,,,,,,,,,,,,,,,,,,,,,,,,,,,,,,,,,,,,,,,,,,,,,,,,,,,,,,,,,,,,,,,,,,,,,,,,,,,,,,,,,,,,,,,,,,,,,,,,,,,,20,20,,,,,,,,,,,,,,,,,,,,,,,,,,,,,,,,,,,,,,,,,22,22,,,,,,,,,,,10,10,,,,,13,13,,,,,,,,,,,23,23,,,,,2,2,,,,,6,6,,,,,18,18,,,,,18,18,,,,,,,,,,,10,10,,,,,7,7,,,,,19,19,,,,,9,9,,,,,15,15,,,,,10,10,,,,,16,16,ACC,11,3,,21,21,ACC,11,3,,,,,,,
Wake Forest,WF,Demon Deacons,I-FBS,ACC,#000000,#CBAD71,FALSE,,,,,,,,,,,,,,,,,,,,,,,,,,,,,,,,,,,,,,,,,,,,,,,,,,,,,,,,,19,19,,,,,,,,,,,,,,,,,20,20,,,,,,,,,,,,,,,,,,,,,,,,,,,,,,,,,,,,,,,,,,,,,,,,,,,,,,,,,,,,,,,,,,,,,,,,,,,,,,,,,,,,,,,,,,,,,,,,,,,,,,,,,,,,,,,,,,,,,,,,,,,,,,,,,,,,,,,,,,,,,,,,,,,,,,,,,,,,,,,,,,,,,,,,,,,,,,,,,,,,,,,,,,,,,,,,,,,,,,,,,,,,,,,,,,,,,,,,,,,,,,,,,,,,,,,,,,,,,,,,,,,,,,,,,,,,,,,,,,,,,,,25,25,,,,,,,,,,,,,,,,,,,,,,,,,,,,,,,,,,,,,,,,,,,,,,,,,,,,,,,,,,,,,,,,,,,,,,,,,,,,,,,,,,,18,18,,,,,,,,,,,,,,,,,,,,,,,,,,,,,,,,,,,,,,,,
Wash. & Lee,W&L,Generals,III,ODAC,#002366,#FFFFFF,FALSE,,,,,,,,,,,,,,,,,,,,,,,,,,,,,,,,,,,,,,,,,,,,,,,,,,,,,,,,,,,,,,,,,,,,,,,,,,,,,,,,,,,,,,,18,18,,,,,,,,,,,,,,,,,,,,,,,,,,,,,,,,,,,,,,,,,,,,,,,,,,,,,,,,,,,,,,,,,,,,,,,,,,,,,,,,,,,,,,,,,,,,,,,,,,,,,,,,,,,,,,,,,,,,,,,,,,,,,,,,,,,,,,,,,,,,,,,,,,,,,,,,,,,,,,,,,,,,,,,,,,,,,,,,,,,,,,,,,,,,,,,,,,,,,,,,,,,,,,,,,,,,,,,,,,,,,,,,,,,,,,,,,,,,,,,,,,,,,,,,,,,,,,,,,,,,,,,,,,,,,,,,,,,,,,,,,,,,,,,,,,,,,,,,,,,,,,,,,,,,,,,,,,,,,,,,,,,,,,,,,,,,,,,,,,,,,,,,,,,,,,,,,,,,,,,,,,,,,,,,,,,,,,,,
Washington,WASH,Huskies,I-FBS,Pac-12,#363C74,#E8D3A2,FALSE,,,5,5,PCC,7,1,1,,,,,,,,,,,,,,,,,,,10,10,,,,,,,,,,,,,,,,,12,12,,,,,,,,,,,,,,,,,,,,,,,,,,,,,,,,,,,,,,,,,11,11,,,,,,,,,,,,,,,,,,,,,,,,,,,,,,,,,,,,,,,,,,,,,,,,,,,,,8,8,,,,,6,6,,,,,,,,,,,,,,,,,,,,,,,,,,,,,,,,,,,,,,,,,,,,,,,,,,,,,,,,,,,,,,,,,19,19,,,,,,,,,,,,,,,,,,,,,,,,,,,,,,,,,,,10,10,,,,,,,,,,,11,11,,,,,16,16,,,,,10,10,,,,,7,7,,,,,,,,,,,2,2,,,,,,,,,,,18,18,,,,,,,,,,,,,,,,,23,23,,,,,5,5,,,,,2,2,,,,,11,11,,,,,,,,,,,,,,,,,,,,,,,16,16,,,,,18,18,,,,,,,,,,,,,,,,,3,3,,,,,19,19,,,,,,,,,,,,,,,,,,,,,,,,,,,,,,,,,,,,,,,,,,,,,,,,,,,,,,,,,,,,,,,,,,,,,,
Washington State,WSU,Cougars,I-FBS,Pac-12,#981E32,#FFFFFF,FALSE,,,,,,,,,,,,,,,,,,,,,,,,,,,,,,,,,19,19,,,,,17,17,,,,,,,,,,,,,,,,,,,,,,,,,,,,,,,,,,,,,,,,,,,,,,,,,,,,,18,18,,,,,,,,,,,,,,,,,,,,,,,,,,,,,,,,,,,,,,,,,,,,,,,,,,,,,,,,,,,,,,,,,,,,,,,,,,,,,,,,,,,,,,,,,,,,,,,,,,,,,,,,,,,,,,,,,,,,,,,,,,,,,19,19,,,,,,,,,,,,,,,,,,,,,,,,,,,,,,,,,,,,,,,,,,,,,,,,,,,,,,,,,,,,,,,,,,,,,,,,,,,,,,,,,,,,,,,,,,,,,,,16,16,,,,,,,,,,,,,,,,,,,,,,,15,15,,,,,,,,,,,21,21,,,,,,,,,,,,,,,,,9,9,,,,,,,,,,,,,,,,,,,,,,,10,10,,,,,10,10,,,,,9,9,,,,,,,,,,,,,,,,,,,,,,,,,,,,,,,,,,,,,,,,,,,,,,,,,,,,,,,,,,
West Virginia,WVU,Mountaineers,I-FBS,Big 12,#00457C,#EEB211,FALSE,,,,,,,,,,,,,,,,,,,,,,,,,,,,,,,,,,,,,,,,,,,,,,,,,,,,,,,,,,,,,,,,,,,,,,,,,,,,,,,,,,,,,,,,,,,,,,,,,,,,,,,,,10,10,,,,,12,12,,,,,19,19,,,,,,,,,,,,,,,,,,,,,,,,,,,,,,,,,,,,,,,,,,,,,,,,,,,,,,,,,,,,,,,,,,,,,,,,,,,,,,,,,,,17,17,,,,,,,,,,,,,,,,,,,,,,,,,,,,,,,,,,,20,20,,,,,,,,,,,,,,,,,,,,,,,,,,,,,,,,,,,17,17,,,,,19,19,,,,,16,16,,,,,,,,,,,,,,,,,,,,,,,,,,,,,5,5,,,,,21,21,,,,,,,,,,,,,,,,,,,,,,,7,7,,,,,,,,,,,,,,,,,,,,,,,,,,,,,,,,,,,,,,,,,,,,,,,,,,,,,25,25,,,,,,,,,,,,,,,,,5,5,,,,,10,10,,,,,6,6,,,,,23,23,,,,,25,25,,,,,,,,,,,17,17,Big East,10,3,,,,,,,
William & Mary,W&M,Tribe,I-FCS,CAA,#006400,#FFD700,FALSE,,,,,,,,,,,,,,,,,,,,,,,,,,,,,,,,,,,,,,,14,14,,,,,,,,,,,,,,,,,,,,,,,,,,,,,14,14,,,,,17,17,,,,,,,,,,,,,,,,,,,,,,,,,,,,,,,,,,,,,,,,,,,,,,,,,,,,,,,,,,,,,,,,,,,,,,,,,,,,,,,,,,,,,,,,,,,,,,,,,,,,,,,,,,,,,,,,,,,,,,,,,,,,,,,,,,,,,,,,,,,,,,,,,,,,,,,,,,,,,,,,,,,,,,,,,,,,,,,,,,,,,,,,,,,,,,,,,,,,,,,,,,,,,,,,,,,,,,,,,,,,,,,,,,,,,,,,,,,,,,,,,,,,,,,,,,,,,,,,,,,,,,,,,,,,,,,,,,,,,,,,,,,,,,,,,,,,,,,,,,,,,,,,,,,,,,,,,,,,,,,,,,,,,,,,,,,,,,,,,,,,,,,,,,,,,,,,,,,,,,,,,,,,,,,,,,,,,,,,,,,,,,,,,,,,
Wisconsin,WISC,Badgers,I-FBS,Big Ten,#940000,#FFFFFF,FALSE,,,,,,,,,,,,,,,,,,,,,,,,,,,,,,,,,,,,,,,3,3,,,,,,,,,,,,,,,,,,,,,,,,,,,,,,,,,,,,,,,,,,,,,,,,,,,,,8,8,,,,,11,11,,,,,15,15,,,,,9,9,,,,,,,,,,,,,,,,,19,19,,,,,7,7,,,,,6,6,,,,,,,,,,,,,,,,,2,2,,,,,,,,,,,,,,,,,,,,,,,,,,,,,,,,,,,,,,,,,,,,,,,,,,,,,,,,,,,,,,,,,,,,,,,,,,,,,,,,,,,,,,,,,,,,,,,,,,,,,,,,,,,,,,,,,,,,,,,,,,,,,,,,,,,,,,,,,,,,,,,,,,,,,,,,,,,,,,,,,,,,,,,,,,,,,,,,,,,,,,,,,6,6,,,,,,,,,,,,,,,,,,,,,,,,,,,,,6,6,,,,,4,4,,,,,23,23,,,,,,,,,,,,,,,,,,,,,,,17,17,,,,,15,15,,,,,7,7,,,,,24,24,,,,,,,,,,,16,16,,,,,7,7,Big Ten,11,2,,10,10,Big Ten,11,3,,,,,,,
Wyoming,WYO,Cowboys,I-FBS,MWC,#593D2B,#DDCCA5,FALSE,,,,,,,,,,,,,,,,,,,,,,,,,,,,,,,,,,,,,,,,,,,,,,,,,,,,,,,,,,,,,,,,,,,,,,,,,,,,,,,,,,,,,,,12,12,,,,,,,,,,,,,,,,,,,,,,,,,,,,,,,,,,,,,,,,,,,,,,,,,,,,,16,16,,,,,,,,,,,,,,,,,,,,,,,,,,,,,,,,,,,,,,,,,,,,,,,6,6,,,,,,,,,,,,,,,,,,,,,,,,,,,,,,,,,,,,,,,,,,,,,,,,,,,,,,,,,,,,,,,,,,,,,,,,,,,,,,,,,,,,,,,,,,,,,,,,,,,,,,,,,,,,,,,,,,,,,,,,,,,,,,,,,,,,,,,,,,,,,,,,,,,,,,,,,,,,,,,,,,,,,,,,,,,,,22,22,,,,,,,,,,,,,,,,,,,,,,,,,,,,,,,,,,,,,,,,,,,,,,,,,,,,,,,,,,,,,,,,,,,,,,,,,,,,,,,,,,,,,,,,,,,,,,,,,,,,
Yale,YALE,Bulldogs,I-FCS,Ivy,#000066,#FFFFFF,FALSE,,,12,12,Independent,7,1,0,12,12,,,,,,,,,,,,,,,,,,,,,,,,,,,,,,,,,,,,,,,,,,,,,,,,,,,,,12,12,,,,,,,,,,,,,,,,,,,,,,,,,,,,,,,,,,,,,,,,,,,,,,,,,,,,,,,,,,,,,,,,,,,,,,,,,,,,,,,,,,,14,14,,,,,,,,,,,,,,,,,,,,,,,,,,,,,,,,,,,,,,,,,,,,,,,,,,,,,,,,,,,,,,,,,,,,,,,,,,,,,,,,,,,,,,,,,,,,,,,,,,,,,,,,,,,,,,,,,,,,,,,,,,,,,,,,,,,,,,,,,,,,,,,,,,,,,,,,,,,,,,,,,,,,,,,,,,,,,,,,,,,,,,,,,,,,,,,,,,,,,,,,,,,,,,,,,,,,,,,,,,,,,,,,,,,,,,,,,,,,,,,,,,,,,,,,,,,,,,,,,,,,,,,,,,,,,,,,,,,,,,,,,,,,,,,,,,,,,,,,,,,,,,,,,,,,,,,,,,,,
